-- phpMyAdmin SQL Dump
-- version 5.2.1
-- https://www.phpmyadmin.net/
--
-- Host: 127.0.0.1
-- Generation Time: Dec 01, 2025 at 03:24 PM
-- Server version: 10.4.32-MariaDB
-- PHP Version: 8.2.12

SET SQL_MODE = "NO_AUTO_VALUE_ON_ZERO";
START TRANSACTION;
SET time_zone = "+00:00";


/*!40101 SET @OLD_CHARACTER_SET_CLIENT=@@CHARACTER_SET_CLIENT */;
/*!40101 SET @OLD_CHARACTER_SET_RESULTS=@@CHARACTER_SET_RESULTS */;
/*!40101 SET @OLD_COLLATION_CONNECTION=@@COLLATION_CONNECTION */;
/*!40101 SET NAMES utf8mb4 */;

--
-- Database: `child_growth_insights`
--

-- --------------------------------------------------------

--
-- Table structure for table `academic_scores`
--

CREATE TABLE `academic_scores` (
  `id` int(11) NOT NULL,
  `child_id` int(11) NOT NULL,
  `subject` varchar(50) NOT NULL,
  `score` int(11) NOT NULL,
  `date` date NOT NULL
) ENGINE=InnoDB DEFAULT CHARSET=utf8mb4 COLLATE=utf8mb4_unicode_ci;

--
-- Dumping data for table `academic_scores`
--

INSERT INTO `academic_scores` (`id`, `child_id`, `subject`, `score`, `date`) VALUES
(11, 10, 'english', 85, '2022-04-01'),
(12, 10, 'math', 90, '2020-09-01'),
(13, 10, 'math', 50, '2025-05-01'),
(22, 13, 'Coloring', 80, '2025-03-01'),
(23, 13, 'drawing', 90, '2025-01-01'),
(24, 12, 'math', 90, '2022-03-01'),
(25, 12, 'english', 50, '2022-03-01'),
(26, 12, 'math', 95, '2022-06-01'),
(27, 12, 'english', 60, '2022-06-01'),
(28, 15, 'English', 80, '2025-02-01'),
(29, 15, 'English', 89, '2025-02-01'),
(30, 15, 'Chinese', 90, '2025-01-01'),
(32, 15, 'Chinese', 80, '2025-02-01'),
(33, 15, 'Chinese', 50, '2025-03-01'),
(34, 15, 'Malay', 60, '2025-01-01'),
(35, 15, 'Malay', 90, '2025-02-01');

-- --------------------------------------------------------

--
-- Table structure for table `ai_results`
--

CREATE TABLE `ai_results` (
  `id` int(11) NOT NULL,
  `child_id` int(11) NOT NULL,
  `module` varchar(50) NOT NULL,
  `data` text DEFAULT NULL,
  `result` text DEFAULT NULL,
  `created_at` timestamp NULL DEFAULT current_timestamp(),
  `updated_at` timestamp NULL DEFAULT NULL
) ENGINE=InnoDB DEFAULT CHARSET=utf8mb4 COLLATE=utf8mb4_unicode_ci;

--
-- Dumping data for table `ai_results`
--

INSERT INTO `ai_results` (`id`, `child_id`, `module`, `data`, `result`, `created_at`, `updated_at`) VALUES
(1, 10, 'preschool', '[{\"id\": 10, \"child_id\": 10, \"domain\": \"Cognitive Milestones\", \"description\": \"observation\", \"date\": \"2025-11-01\", \"date_str\": \"2025-11\", \"age_months\": 34}, {\"id\": 11, \"child_id\": 10, \"domain\": \"Cognitive Milestones\", \"description\": \"observation\", \"date\": \"2025-11-01\", \"date_str\": \"2025-11\", \"age_months\": 34}, {\"id\": 12, \"child_id\": 10, \"domain\": \"Cognitive Milestones\", \"description\": \"observation\", \"date\": \"2025-11-01\", \"date_str\": \"2025-11\", \"age_months\": 34}, {\"id\": 4, \"child_id\": 10, \"domain\": \"Social/Emotional Milestones\", \"description\": \"ASSESSMENT\", \"date\": \"2025-10-01\", \"date_str\": \"2025-10\", \"age_months\": 33}]', 'The child, mee, born on 2023-01-02, is approximately 34 months (2 years, 10 months) old at the time of the last recorded milestone.\n\n<p><h3>Age-appropriate Areas:</h3></p>\n<p>The recorded milestones, \"Cognitive Milestones: observation (at 34 months)\" and \"Social/Emotional Milestones: ASSESSMENT (at 33 months),\" are too broad and general to allow for a specific comparison to the detailed, observable benchmarks provided. If \"observation\" indicates a general capacity for cognitive engagement and \"ASSESSMENT\" implies a satisfactory review of social-emotional skills, then these broad domains might be considered age-appropriate. However, without specific examples of what \'observation\' entails or the outcomes of the \'ASSESSMENT,\' it is difficult to confirm age-appropriateness against the granular standard milestones for a 34-month-old child, who is expected to be developing skills such as showing simple problem-solving, pretending with objects, following two-step instructions, and engaging in conversations.</p>\n\n<p><h3>Delayed Areas:</h3></p>\n<p>Given the highly generalized nature of the child\'s recorded milestones, it is not possible to identify specific areas of delay. If \'observation\' were to refer to very basic visual tracking or attention, this would be significantly delayed as such skills are typically achieved in early infancy (e.g., \'Looks at your face\' at 2 months). However, it is more likely that \'observation\' is intended as a general statement of cognitive function rather than a specific, new skill.</p>\n\n<p><h3>Advanced Areas:</h3></p>\n<p>Due to the lack of specific detail in the recorded milestones, no advanced developmental areas can be definitively identified. The general terms \'observation\' and \'ASSESSMENT\' do not provide sufficient information to determine if mee is exceeding typical developmental expectations in any domain.</p>\n\n<p>Overall, the child\'s recorded milestones are too vague to provide a detailed comparison with standard age-based benchmarks, limiting the ability to precisely assess specific areas of development.</p>', '2025-10-09 15:22:44', '2025-10-13 15:55:13'),
(2, 10, 'learning', '{\n  \"observations\": [\n    {\n      \"id\": 4,\n      \"child_id\": 10,\n      \"observation\": \"ABC\",\n      \"created_at\": \"2025-10-09 23:25:04\"\n    }\n  ],\n  \"answers\": []\n}', '<p><strong>Most Likely Learning Style:</strong> Mixed (Visual, Auditory, and Kinesthetic)</p>\n\n<h3>Reasoning:</h3>\n<p>\n    Given the very limited observation of \"ABC\" and the absence of specific test responses, it is most probable that this preschooler demonstrates a Mixed learning style, engaging multiple senses. In early childhood, foundational knowledge like the alphabet is typically acquired through a combination of visual input (seeing letters in books or on charts), auditory engagement (singing alphabet songs or hearing letter sounds), and kinesthetic activities (tracing letters, manipulating alphabet blocks, or using actions for letter recognition). Without more detailed behavioral observations or specific indicators of preference, a multi-modal approach is generally the most effective and common learning pathway for young children to absorb and process new information.\n</p>\n\n<h3>Actionable Suggestions for Parents/Teachers:</h3>\n<ul>\n    <li><strong>Utilize Multi-Sensory Activities:</strong> Integrate sight, sound, and touch into learning. For example, use colorful alphabet flashcards (visual), sing the ABC song (auditory), and encourage tracing letters in sand or with play-doh (kinesthetic).</li>\n    <li><strong>Observe and Adapt:</strong> Pay close attention to which activities the child seems most engaged with or responds to best. This ongoing observation can help identify emerging preferences and allow for further customization of learning experiences.</li>\n    <li><strong>Incorporate Hands-On Exploration:</strong> Provide plenty of opportunities for active, discovery-based learning. Building with letter blocks, playing alphabet puzzles, and engaging in movement-based games are excellent ways to reinforce concepts.</li>\n    <li><strong>Read Aloud and Use Rhymes:</strong> Regularly read picture books, point out letters and words, and recite nursery rhymes or songs. This strengthens both visual and auditory processing skills, fostering early literacy development.</li>\n    <li><strong>Create a Varied Learning Environment:</strong> Offer a mix of structured and free-play activities, both indoors and outdoors, to cater to different energy levels and provide diverse opportunities for learning and exploration.</li>\n</ul>', '2025-10-09 15:25:31', '2025-10-09 15:25:31'),
(3, 10, 'tutoring', '{\n  \"learning\": \"<p><strong>Most Likely Learning Style:</strong> Mixed (Visual, Auditory, and Kinesthetic)</p>\\n\\n<h3>Reasoning:</h3>\\n<p>\\n    Given the very limited observation of \\\"ABC\\\" and the absence of specific test responses, it is most probable that this preschooler demonstrates a Mixed learning style, engaging multiple senses. In early childhood, foundational knowledge like the alphabet is typically acquired through a combination of visual input (seeing letters in books or on charts), auditory engagement (singing alphabet songs or hearing letter sounds), and kinesthetic activities (tracing letters, manipulating alphabet blocks, or using actions for letter recognition). Without more detailed behavioral observations or specific indicators of preference, a multi-modal approach is generally the most effective and common learning pathway for young children to absorb and process new information.\\n</p>\\n\\n<h3>Actionable Suggestions for Parents/Teachers:</h3>\\n<ul>\\n    <li><strong>Utilize Multi-Sensory Activities:</strong> Integrate sight, sound, and touch into learning. For example, use colorful alphabet flashcards (visual), sing the ABC song (auditory), and encourage tracing letters in sand or with play-doh (kinesthetic).</li>\\n    <li><strong>Observe and Adapt:</strong> Pay close attention to which activities the child seems most engaged with or responds to best. This ongoing observation can help identify emerging preferences and allow for further customization of learning experiences.</li>\\n    <li><strong>Incorporate Hands-On Exploration:</strong> Provide plenty of opportunities for active, discovery-based learning. Building with letter blocks, playing alphabet puzzles, and engaging in movement-based games are excellent ways to reinforce concepts.</li>\\n    <li><strong>Read Aloud and Use Rhymes:</strong> Regularly read picture books, point out letters and words, and recite nursery rhymes or songs. This strengthens both visual and auditory processing skills, fostering early literacy development.</li>\\n    <li><strong>Create a Varied Learning Environment:</strong> Offer a mix of structured and free-play activities, both indoors and outdoors, to cater to different energy levels and provide diverse opportunities for learning and exploration.</li>\\n</ul>\",\n  \"preschool\": \"The child, mee, born on 2023-01-02, is approximately 34 months (2 years, 10 months) old at the time of the last recorded milestone.\\n\\n<p><h3>Age-appropriate Areas:</h3></p>\\n<p>The recorded milestones, \\\"Cognitive Milestones: observation (at 34 months)\\\" and \\\"Social/Emotional Milestones: ASSESSMENT (at 33 months),\\\" are too broad and general to allow for a specific comparison to the detailed, observable benchmarks provided. If \\\"observation\\\" indicates a general capacity for cognitive engagement and \\\"ASSESSMENT\\\" implies a satisfactory review of social-emotional skills, then these broad domains might be considered age-appropriate. However, without specific examples of what \'observation\' entails or the outcomes of the \'ASSESSMENT,\' it is difficult to confirm age-appropriateness against the granular standard milestones for a 34-month-old child, who is expected to be developing skills such as showing simple problem-solving, pretending with objects, following two-step instructions, and engaging in conversations.</p>\\n\\n<p><h3>Delayed Areas:</h3></p>\\n<p>Given the highly generalized nature of the child\'s recorded milestones, it is not possible to identify specific areas of delay. If \'observation\' were to refer to very basic visual tracking or attention, this would be significantly delayed as such skills are typically achieved in early infancy (e.g., \'Looks at your face\' at 2 months). However, it is more likely that \'observation\' is intended as a general statement of cognitive function rather than a specific, new skill.</p>\\n\\n<p><h3>Advanced Areas:</h3></p>\\n<p>Due to the lack of specific detail in the recorded milestones, no advanced developmental areas can be definitively identified. The general terms \'observation\' and \'ASSESSMENT\' do not provide sufficient information to determine if mee is exceeding typical developmental expectations in any domain.</p>\\n\\n<p>Overall, the child\'s recorded milestones are too vague to provide a detailed comparison with standard age-based benchmarks, limiting the ability to precisely assess specific areas of development.</p>\"\n}', '<h3>1. Potential Weak Areas or Skills that May Need Support:</h3>\n<ul>\n    <li>**Lack of Specific Developmental Data:** The most significant area needing support is the absence of detailed, observable milestones across all key developmental domains (Cognitive, Language, Fine Motor, Gross Motor, Social-Emotional). Without this specific information, it is impossible to accurately identify Mee\'s unique strengths or precise areas requiring targeted support relative to age-appropriate benchmarks for a 34-month-old.</li>\n    <li>**Undefined Cognitive Skills:** While \"observation\" is noted, specific cognitive abilities expected at 34 months, such as simple problem-solving, understanding of basic concepts (e.g., shapes, colors, numbers), memory, and engaging in pretend play, are not documented. These areas may require support if not adequately developed.</li>\n    <li>**Undefined Language and Communication Skills:** There is no recorded information regarding Mee\'s expressive or receptive language, vocabulary size, ability to follow two-step instructions, or engagement in back-and-forth conversations. These are critical developmental markers at this age and represent potential areas of needed focus.</li>\n    <li>**Undefined Fine and Gross Motor Skills:** Essential physical development areas like manipulating small objects, pre-writing skills, drawing, running, jumping, and balancing are not mentioned, leaving these domains unassessed and potentially in need of targeted activities.</li>\n    <li>**Undefined Social-Emotional Specifics:** While an \"ASSESSMENT\" was completed, the specifics of Mee\'s social interactions (e.g., sharing, turn-taking), emotional regulation, independence in self-care, or imaginative play skills are unknown.</li>\n</ul>\n\n<h3>2. Subjects or Developmental Domains Where Tutoring or Extra Help Would Be Most Beneficial:</h3>\n<ul>\n    <li>**Comprehensive Developmental Assessment:** The most crucial initial \"extra help\" would be a thorough, detailed assessment across all developmental domains (Cognitive, Language, Social-Emotional, Fine Motor, Gross Motor). This would establish a baseline, identify specific strengths, and pinpoint precise areas requiring targeted intervention or support.</li>\n    <li>**Early Literacy and Language Development:** Given the mention of \"ABC\" and the critical importance of language at this age, support in vocabulary expansion, listening comprehension, following instructions, engaging in simple conversations, letter recognition, and pre-reading skills would be highly beneficial.</li>\n    <li>**Foundational Cognitive Skills:** Tutoring could focus on problem-solving through puzzles and games, sorting and matching activities, understanding basic concepts (colors, shapes, numbers), and developing memory skills through engaging play.</li>\n    <li>**Social-Emotional Skill Building:** Opportunities for structured and unstructured social play to develop skills such as sharing, turn-taking, empathy, and appropriate emotional expression.</li>\n    <li>**Fine and Gross Motor Coordination:** Activities designed to enhance hand-eye coordination (e.g., stacking, threading), pre-writing skills (e.g., tracing, scribbling), balance, and overall physical agility through active play.</li>\n</ul>\n\n<h3>3. Personalized Activity or Tutoring Style Recommendations Aligned with the Learning Style:</h3>\n<ul>\n    <li>**Multi-Sensory Play-Based Learning:** Since Mee exhibits a Mixed (Visual, Auditory, Kinesthetic) learning style, all learning should be embedded in play and actively engage multiple senses simultaneously. For example, when learning about animals, use picture cards (visual), make animal sounds (auditory), and pretend to be the animals (kinesthetic).</li>\n    <li>**Hands-On Exploration and Discovery:** Provide abundant opportunities for Mee to manipulate objects, build, trace, and engage in active, discovery-based learning. Examples include using alphabet blocks, play-doh for letter formation, sensory bins, science experiments for toddlers, and movement-based games to learn concepts.</li>\n    <li>**Visual Reinforcement:** Utilize colorful picture books, flashcards, charts, and visual schedules to aid understanding and memory. Point to letters, words, and objects while talking about them to connect visual cues with auditory information. Demonstrations are also highly effective.</li>\n    <li>**Auditory Engagement through Storytelling and Music:** Incorporate reading aloud daily, singing songs (especially alphabet, number, and concept-based songs), reciting rhymes, and engaging in verbal storytelling. Encourage Mee to repeat words, phrases, and sounds to build vocabulary and listening skills.</li>\n    <li>**Interactive and Conversational Approach:** Foster active participation by asking open-ended questions (\"What do you think will happen next?\"), responding to Mee\'s queries with enthusiasm, and creating a dialogue-rich environment to develop language and critical thinking.</li>\n    <li>**Varied Activities and Environments:** Offer a diverse range of activities, alternating between quiet indoor tasks (e.g., drawing, puzzles) and active outdoor play (e.g., running, climbing), and switching between structured learning and free exploration to maintain engagement and cater to different aspects of the mixed learning style.</li>\n</ul>\n\nFor parents and teachers, the immediate priority is to conduct a detailed and specific assessment of Mee\'s development across all key domains. This comprehensive understanding will allow for the implementation of highly personalized, multi-sensory, and play-based learning experiences that leverage Mee\'s mixed learning style to support optimal growth in language, cognitive, social, and motor skills.', '2025-10-09 15:26:30', '2025-10-16 15:22:35'),
(11, 11, 'learning', '{\n  \"observations\": [\n    {\n      \"id\": 8,\n      \"child_id\": 11,\n      \"observation\": \"hand on activities\",\n      \"created_at\": \"2025-10-17 14:23:48\"\n    }\n  ],\n  \"answers\": [\n    {\n      \"answer_id\": 7,\n      \"test_id\": 4,\n      \"question_id\": 22,\n      \"answer\": \"2\",\n      \"created_at\": \"2025-10-16 23:29:52\",\n      \"test_name\": \"abc\",\n      \"question_text\": \"1+1\"\n    },\n    {\n      \"answer_id\": 8,\n      \"test_id\": 4,\n      \"question_id\": 23,\n      \"answer\": \"3\",\n      \"created_at\": \"2025-10-16 23:29:52\",\n      \"test_name\": \"abc\",\n      \"question_text\": \"2+2\"\n    },\n    {\n      \"answer_id\": 9,\n      \"test_id\": 4,\n      \"question_id\": 24,\n      \"answer\": \"5\",\n      \"created_at\": \"2025-10-16 23:29:52\",\n      \"test_name\": \"abc\",\n      \"question_text\": \"3+2\"\n    }\n  ]\n}', '<div style=\"font-family: Arial, sans-serif; line-height: 1.6;\">\n\n    <h2 style=\"color: #2c3e50;\">Learning Style Assessment</h2>\n\n    <p style=\"font-size: 1.1em;\">\n        Based on the observations and test responses, this child\'s most likely learning style is <strong style=\"color: #27ae60;\">Kinesthetic</strong>.\n    </p>\n\n    <h3 style=\"color: #2c3e50;\">Reasoning:</h3>\n    <p>\n        The key observation, \"hand on activities,\" strongly suggests that this child learns best by doing, touching, and experiencing. Kinesthetic learners thrive when they can actively engage with materials and concepts through movement and physical manipulation. They often understand and remember information more effectively when it\'s connected to a tangible experience rather than just seeing or hearing it. This active, exploratory approach is crucial for their cognitive development and engagement in learning tasks.\n    </p>\n\n    <h3 style=\"color: #2c3e50;\">Actionable Suggestions for Parents and Teachers:</h3>\n    <ul style=\"list-style-type: disc; margin-left: 20px;\">\n        <li style=\"margin-bottom: 8px;\">\n            <strong style=\"color: #3498db;\">Incorporate Movement:</strong> Use physical games like jumping to numbers, acting out stories, or building with blocks to teach new concepts.\n        </li>\n        <li style=\"margin-bottom: 8px;\">\n            <strong style=\"color: #3498db;\">Provide Manipulatives:</strong> Offer a variety of hands-on tools such as counters, puzzles, play-dough, or sensory bins for exploring math, letters, and scientific ideas.\n        </li>\n        <li style=\"margin-bottom: 8px;\">\n            <strong style=\"color: #3498db;\">Encourage Practical Exploration:</strong> Involve the child in real-world tasks like helping with cooking (measuring ingredients), gardening (planting seeds), or sorting laundry to make learning relevant and tactile.\n        </li>\n        <li style=\"margin-bottom: 8px;\">\n            <strong style=\"color: #3498db;\">Create Learning Stations:</strong> Design activity zones where they can build, experiment, and engage with different textures and materials, allowing them to discover at their own pace.\n        </li>\n    </ul>\n\n</div>', '2025-10-16 15:30:22', '2025-10-17 06:25:00'),
(12, 11, 'tutoring', '{\n  \"learning\": \"<div style=\\\"font-family: Arial, sans-serif; line-height: 1.6;\\\">\\n\\n    <h2 style=\\\"color: #2c3e50;\\\">Learning Style Assessment</h2>\\n\\n    <p style=\\\"font-size: 1.1em;\\\">\\n        Based on the observations and test responses, this child\'s most likely learning style is <strong style=\\\"color: #27ae60;\\\">Kinesthetic</strong>.\\n    </p>\\n\\n    <h3 style=\\\"color: #2c3e50;\\\">Reasoning:</h3>\\n    <p>\\n        The key observation, \\\"hand on activities,\\\" strongly suggests that this child learns best by doing, touching, and experiencing. Kinesthetic learners thrive when they can actively engage with materials and concepts through movement and physical manipulation. They often understand and remember information more effectively when it\'s connected to a tangible experience rather than just seeing or hearing it. This active, exploratory approach is crucial for their cognitive development and engagement in learning tasks.\\n    </p>\\n\\n    <h3 style=\\\"color: #2c3e50;\\\">Actionable Suggestions for Parents and Teachers:</h3>\\n    <ul style=\\\"list-style-type: disc; margin-left: 20px;\\\">\\n        <li style=\\\"margin-bottom: 8px;\\\">\\n            <strong style=\\\"color: #3498db;\\\">Incorporate Movement:</strong> Use physical games like jumping to numbers, acting out stories, or building with blocks to teach new concepts.\\n        </li>\\n        <li style=\\\"margin-bottom: 8px;\\\">\\n            <strong style=\\\"color: #3498db;\\\">Provide Manipulatives:</strong> Offer a variety of hands-on tools such as counters, puzzles, play-dough, or sensory bins for exploring math, letters, and scientific ideas.\\n        </li>\\n        <li style=\\\"margin-bottom: 8px;\\\">\\n            <strong style=\\\"color: #3498db;\\\">Encourage Practical Exploration:</strong> Involve the child in real-world tasks like helping with cooking (measuring ingredients), gardening (planting seeds), or sorting laundry to make learning relevant and tactile.\\n        </li>\\n        <li style=\\\"margin-bottom: 8px;\\\">\\n            <strong style=\\\"color: #3498db;\\\">Create Learning Stations:</strong> Design activity zones where they can build, experiment, and engage with different textures and materials, allowing them to discover at their own pace.\\n        </li>\\n    </ul>\\n\\n</div>\",\n  \"preschool\": null\n}', '<div style=\"font-family: Arial, sans-serif; line-height: 1.6;\">\n\n    <h2 style=\"color: #2c3e50;\">Tutoring and Support Recommendations for a Kinesthetic Learner</h2>\n\n    <p style=\"font-size: 1.1em;\">\n        Based on the provided learning style analysis, which identifies the child as a primary kinesthetic learner, the following recommendations are tailored to support their unique developmental needs. Kinesthetic learners thrive through movement, touch, and hands-on interaction, meaning their educational experiences should be rich with physical engagement.\n    </p>\n\n    <h3 style=\"color: #2c3e50;\">1. Potential Weak Areas or Skills That May Need Support:</h3>\n    <ul>\n        <li><strong>Abstract Concepts:</strong> Without concrete, hands-on examples, this child may struggle to grasp abstract ideas in subjects like early math (e.g., addition without counters) or language arts (e.g., understanding a story purely through listening).</li>\n        <li><strong>Sustained Passive Learning:</strong> Activities requiring long periods of sitting still, listening, or simply observing (e.g., extended story times without interactive elements, flashcard drills without physical manipulation) may lead to disengagement, difficulty focusing, or appearing restless.</li>\n        <li><strong>Rote Memorization:</strong> Learning facts, letters, or numbers without a physical or experiential connection (e.g., tracing letters, building number towers) might be less effective and require more effort than for other learning styles.</li>\n        <li><strong>Fine Motor Skill Development (if not actively engaged):</strong> While kinesthetic learners often enjoy fine motor activities, if the learning environment doesn\'t offer ample opportunities for manipulation (e.g., puzzles, play-dough, cutting, drawing), these skills might not be fully developed in a way that aligns with their learning style.</li>\n    </ul>\n\n    <h3 style=\"color: #2c3e50;\">2. Subjects or Developmental Domains Where Tutoring or Extra Help Would Be Most Beneficial:</h3>\n    <ul>\n        <li><strong>Early Literacy (Letters, Sounds, Story Comprehension):</strong> Tutoring could focus on tracing letters in sand, building letters with blocks, acting out story characters, or using magnetic letters to form words, making reading and writing foundational skills tangible.</li>\n        <li><strong>Early Numeracy (Counting, Number Recognition, Basic Math Concepts):</strong> Extra support using counters, building blocks for addition/subtraction, sorting objects by attributes, or physical games that involve counting and measuring would be highly effective.</li>\n        <li><strong>Science and Exploration:</strong> Hands-on experiments, nature walks with active collection and observation, and building simple machines or models would deepen understanding.</li>\n        <li><strong>Problem-Solving and Critical Thinking:</strong> Tutoring through puzzles, construction tasks, and experimental play allows the child to physically manipulate elements to discover solutions.</li>\n    </ul>\n\n    <h3 style=\"color: #2c3e50;\">3. Personalized Activity or Tutoring Style Recommendations:</h3>\n    <ul>\n        <li><strong>Active Learning Sessions:</strong> Tutoring should incorporate frequent movement breaks and integrate physical activity directly into lessons. For example, jumping jacks for each correct answer, or moving around to find \"hidden\" sight words.</li>\n        <li><strong>Manipulatives are Key:</strong> Always have a variety of hands-on tools available. This includes blocks, counters, sensory bins (rice, beans, water beads) for letter/number recognition, play-dough for letter formation, and tangrams for spatial reasoning.</li>\n        <li><strong>Experiential and Practical Tasks:</strong> Frame learning within real-world scenarios. For example, use cooking to teach measurement, gardening to understand plant cycles, or sorting laundry to practice classification and counting.</li>\n        <li><strong>Building and Constructing:</strong> Incorporate building tasks related to concepts. If learning about shapes, build structures using those shapes. If learning about animals, build animal enclosures.</li>\n        <li><strong>Role-Playing and Acting Out:</strong> For stories or social-emotional learning, encourage the child to act out scenarios or become characters. This helps them embody the learning.</li>\n        <li><strong>Sensory Engagement:</strong> Utilize multiple senses. Beyond touch, consider textures, smells, and even tastes (safely) when appropriate to create a multi-sensory learning experience.</li>\n    </ul>\n\n    <p style=\"font-size: 1.1em;\">\n        For parents and teachers, understanding this child\'s kinesthetic learning style is crucial for fostering engagement and effective learning. By prioritizing movement, hands-on activities, and practical exploration across all subjects, you can create an enriching environment where this child feels understood, thrives, and builds a strong foundation for future academic success. The goal is to make learning an active, physical adventure rather than a passive observation.\n    </p>\n\n</div>', '2025-10-16 15:33:36', '2025-10-17 10:26:21'),
(13, 12, 'preschool', '[{\"id\": 14, \"child_id\": 12, \"domain\": \"Language/Communication\", \"description\": \"test\", \"date\": \"2025-11-01\", \"date_str\": \"2025-11\", \"age_months\": 68}, {\"id\": 15, \"child_id\": 12, \"domain\": \"Movement/Physical Development\", \"description\": \"My child do not know how to walk even she is 5 years old\", \"date\": \"2025-11-01\", \"date_str\": \"2025-11\", \"age_months\": 68}, {\"id\": 16, \"child_id\": 12, \"domain\": \"Social/Emotional Milestones\", \"description\": \"Always not happy\", \"date\": \"2025-11-01\", \"date_str\": \"2025-11\", \"age_months\": 68}]', '<div style=\"font-family: Arial, sans-serif;\">\n    <p><strong>Child\'s Age for Assessment:</strong> 68 months (5 years and 8 months)</p>\n\n    <h3 style=\"color: #4CAF50;\">Areas that are age-appropriate</h3>\n    <ul>\n        <li>No specific milestones were recorded as age-appropriate for Lam Ah Li at 68 months based on the provided data.</li>\n    </ul>\n\n    <h3 style=\"color: #F44336;\">Areas that are delayed</h3>\n    <ul>\n        <li><strong>Movement/Physical Development:</strong> Lam Ah Li does not know how to walk at 68 months (5 years 8 months). Independent walking is typically achieved by 18 months. This represents a severe developmental delay in this area.</li>\n        <li><strong>Social/Emotional Milestones:</strong> Lam Ah Li is recorded as \"Always not happy\" at 68 months. Typical social-emotional development for a child of this age includes expressing a range of emotions, engaging happily with others, and showing empathy. This observation suggests significant concerns regarding emotional well-being and social-emotional development.</li>\n        <li><strong>Language/Communication:</strong> Although a \"test\" was recorded, no specific language achievements (e.g., telling stories, speaking in complex sentences, naming letters) are provided for Lam Ah Li at 68 months. For a child of this age, significant progress in verbal communication is expected. The absence of reported milestones suggests a likely delay in this area.</li>\n    </ul>\n\n    <h3 style=\"color: #2196F3;\">Areas that are advanced for the child\'s age</h3>\n    <ul>\n        <li>No advanced milestones were recorded for Lam Ah Li based on the provided data.</li>\n    </ul>\n\n    <p style=\"font-weight: bold; margin-top: 20px;\">\n        Overall, Lam Ah Li demonstrates significant developmental delays in Movement/Physical Development and Social/Emotional Milestones, with concerns regarding Language/Communication based on the absence of reported age-appropriate achievements.\n    </p>\n</div>', '2025-11-19 04:36:26', '2025-11-19 17:06:45'),
(14, 12, 'tutoring', '{\n  \"learning\": \"<h5>Learning Style Profile Summary</h5>\\n<ul>\\n    <li>Visual: This child shows a strong preference for visual input, scoring highly on being attracted to bright colours, drawings, and visual materials (5), and preferring videos (4). While less consistent on remembering purely by seeing or using pictures to explain (3s), the overall attraction to visual stimuli is clear.</li>\\n    <li>Auditory: Auditory learning appears to be the least preferred style. The child scores low on remembering spoken instructions (2) and liking to discuss topics out loud (2). While they enjoy some sound-based games (4), general enjoyment of listening to stories or repeating words is neutral (3s).</li>\\n    <li>Reading/Writing: This is a very strong learning style for the child, which is notable for a preschooler. They show a high interest in written words, labels, and simple text (5), enjoy tracing and copying (5), and prefer written instructions over spoken ones (5). They also actively engage with text by pointing or asking what words say (4s).</li>\\n    <li>Kinesthetic: The child exhibits an extremely strong Kinesthetic learning style. They consistently agree or strongly agree that they learn better with hands-on activity (4), remember better after doing (5), like to touch and explore (5), and find it hard to sit still during quiet learning (5). Fidgeting during learning is also noted (4).</li>\\n</ul>\\n\\n<h5>Most Likely Learning Style: Kinesthetic-Reading/Writing with Strong Visual Support</h5>\\n<p>This child demonstrates a primary learning profile that is strongly Kinesthetic and equally strong in Reading/Writing, complemented by significant Visual preferences. They thrive on hands-on experiences and physical interaction, as indicated by responses like \\\"remembers things better after doing an activity\\\" (5) and \\\"finds it hard to sit still\\\" (5). Simultaneously, the child shows an exceptional and early aptitude for literacy, enjoying \\\"looking at written words, labels\\\" (5) and \\\"prefers looking at written instructions instead of only listening\\\" (5). The strong attraction to \\\"bright colours, drawings, and visual materials\\\" (5) further enhances learning by making abstract concepts more concrete and engaging.</p>\\n\\n<h6>Suggestions for Parents</h6>\\n<ul>\\n    <li>Integrate movement and tactile exploration into learning. For example, use playdough or sand to form letters and numbers, build structures related to stories, or go on scavenger hunts for items that start with specific sounds or letters.</li>\\n    <li>Capitalize on the child\'s emerging literacy skills by labeling objects around the house, creating simple written instructions for daily tasks (e.g., a picture schedule with words), and providing various writing tools and paper for scribbling and copying.</li>\\n    <li>Utilize visual aids extensively. Introduce new concepts with picture books, diagrams, flashcards, or educational videos. When giving instructions, always pair them with a visual demonstration or written steps if appropriate.</li>\\n    <li>Encourage \\\"learning by doing\\\" through practical life skills, pretend play scenarios, and sensory bins that allow for touching, sorting, and manipulating objects while incorporating early literacy elements (e.g., finding letters in a rice bin).</li>\\n</ul>\",\n  \"preschool\": \"<div style=\\\"font-family: Arial, sans-serif;\\\">\\n    <p><strong>Child\'s Age for Assessment:</strong> 68 months (5 years and 8 months)</p>\\n\\n    <h3 style=\\\"color: #4CAF50;\\\">Areas that are age-appropriate</h3>\\n    <ul>\\n        <li>No specific milestones were recorded as age-appropriate for Lam Ah Li at 68 months based on the provided data.</li>\\n    </ul>\\n\\n    <h3 style=\\\"color: #F44336;\\\">Areas that are delayed</h3>\\n    <ul>\\n        <li><strong>Movement/Physical Development:</strong> Lam Ah Li does not know how to walk at 68 months (5 years 8 months). Independent walking is typically achieved by 18 months. This represents a severe developmental delay in this area.</li>\\n        <li><strong>Social/Emotional Milestones:</strong> Lam Ah Li is recorded as \\\"Always not happy\\\" at 68 months. Typical social-emotional development for a child of this age includes expressing a range of emotions, engaging happily with others, and showing empathy. This observation suggests significant concerns regarding emotional well-being and social-emotional development.</li>\\n        <li><strong>Language/Communication:</strong> Although a \\\"test\\\" was recorded, no specific language achievements (e.g., telling stories, speaking in complex sentences, naming letters) are provided for Lam Ah Li at 68 months. For a child of this age, significant progress in verbal communication is expected. The absence of reported milestones suggests a likely delay in this area.</li>\\n    </ul>\\n\\n    <h3 style=\\\"color: #2196F3;\\\">Areas that are advanced for the child\'s age</h3>\\n    <ul>\\n        <li>No advanced milestones were recorded for Lam Ah Li based on the provided data.</li>\\n    </ul>\\n\\n    <p style=\\\"font-weight: bold; margin-top: 20px;\\\">\\n        Overall, Lam Ah Li demonstrates significant developmental delays in Movement/Physical Development and Social/Emotional Milestones, with concerns regarding Language/Communication based on the absence of reported age-appropriate achievements.\\n    </p>\\n</div>\"\n}', '<div style=\"font-family: Arial, sans-serif;\">\n    <h3>Child Development and Learning Support Recommendations for Lam Ah Li</h3>\n\n    <h4>1. Potential Weak Areas or Skills That May Need Support:</h4>\n    <ul>\n        <li><strong>Gross Motor Skills:</strong> The inability to walk at 68 months indicates a severe delay in fundamental physical development, impacting independence and exploration.</li>\n        <li><strong>Social-Emotional Well-being:</strong> The consistent report of \"Always not happy\" suggests significant concerns with emotional regulation, mood, and potentially overall mental health, affecting engagement and social interaction.</li>\n        <li><strong>Expressive and Receptive Language:</strong> The lack of reported age-appropriate language milestones suggests a likely delay in verbal communication, comprehension, and the ability to express needs and ideas.</li>\n        <li><strong>Overall Foundational Development:</strong> Given the widespread delays across multiple domains, there is a broader need to support age-appropriate foundational skills typically acquired in early childhood.</li>\n    </ul>\n\n    <h4>2. Subjects or Developmental Domains Where Tutoring or Extra Help Would Be Most Beneficial:</h4>\n    <ul>\n        <li><strong>Physical Therapy (PT):</strong> Essential for developing fundamental gross motor skills, particularly walking, balance, and coordination.</li>\n        <li><strong>Speech and Language Therapy (SLT):</strong> Crucial for assessing and developing language comprehension, expressive communication, vocabulary, and potentially pre-literacy skills.</li>\n        <li><strong>Occupational Therapy (OT):</strong> Can support sensory integration, fine motor skills (if needed, though not explicitly delayed), and overall functional independence, which often complements physical therapy.</li>\n        <li><strong>Social-Emotional Learning (SEL) Support / Child Psychology:</strong> To address emotional regulation, mood, social engagement, and developing positive coping strategies.</li>\n        <li><strong>Early Intervention/Special Education Support:</strong> A comprehensive, multi-disciplinary approach will be most beneficial, coordinating efforts across different therapeutic areas to address significant global developmental delays.</li>\n    </ul>\n\n    <h4>3. Personalized Activity or Tutoring Style Recommendations Aligned with the Learning Style:</h4>\n    <ul>\n        <li><strong>Integrate Movement and Hands-on Learning (Kinesthetic Focus):</strong>\n            <ul>\n                <li><strong>For Physical Therapy:</strong> Incorporate play-based activities such as obstacle courses, \"follow the leader\" with clear visual demonstrations, sensory paths, and games that require active movement rather than repetitive exercises. Use large, colorful equipment.</li>\n                <li><strong>For Language/Social-Emotional:</strong> Utilize Total Physical Response (TPR) methods for language acquisition (e.g., acting out verbs, emotions). Use role-playing and puppets to explore social scenarios and feelings. Incorporate sensory bins for vocabulary exploration.</li>\n            </ul>\n        </li>\n        <li><strong>Capitalize on Visual Support (Strong Visual Preference):</strong>\n            <ul>\n                <li><strong>Across all domains:</strong> Use picture schedules for routines, visual cues for instructions (e.g., \"first-then\" boards), emotion flashcards, and diagrams.</li>\n                <li><strong>For Language:</strong> Introduce new vocabulary with clear pictures and real objects. Utilize storybooks with strong illustrations. Educational videos can also be an effective tool.</li>\n                <li><strong>For Social-Emotional:</strong> Create social stories with rich illustrations to explain expected behaviors and social norms.</li>\n            </ul>\n        </li>\n        <li><strong>Leverage Reading/Writing Strengths (Exceptional Early Literacy Aptitude):</strong>\n            <ul>\n                <li><strong>For Language:</strong> Label objects around the environment with simple, clear words. Use flashcards pairing words with pictures. Encourage tracing letters, copying simple words, and pointing to words in books.</li>\n                <li><strong>For Social-Emotional:</strong> Create a \"feelings chart\" or \"emotion book\" with pictures and corresponding written emotion words. Use simple written instructions for structured activities.</li>\n                <li><strong>For Physical Therapy:</strong> If appropriate for simple commands, create written step-by-step instructions with accompanying pictures (e.g., \"Walk to the [picture of mat] Mat\").</li>\n            </ul>\n        </li>\n        <li><strong>Multi-Sensory Approach and Reduced Auditory Reliance:</strong>\n            <ul>\n                <li>Always pair spoken instructions with visual aids or physical demonstrations. Minimize solely auditory tasks.</li>\n                <li>Ensure learning environments are rich with textures, manipulatives, and opportunities for touch and exploration.</li>\n                <li>Allow for frequent movement breaks and incorporate fidget tools if helpful for concentration.</li>\n            </ul>\n        </li>\n    </ul>\n\n    <p>\n        Lam Ah Li presents with significant developmental delays, particularly in physical and social-emotional domains, alongside concerns in language. However, the child\'s strong Kinesthetic, Reading/Writing, and Visual learning styles offer powerful avenues for intervention. A comprehensive and integrated approach, heavily relying on hands-on activities, clear visual aids, and incorporating early literacy elements, will be most effective in supporting Lam Ah Li\'s development across all identified areas, helping to bridge developmental gaps and foster engagement and progress.\n    </p>\n</div>', '2025-11-19 04:37:00', '2025-11-30 14:29:20'),
(16, 12, 'insights', '{\"scores\": [{\"subject\": \"math\", \"score\": 90, \"date\": \"2022-03-01\"}, {\"subject\": \"english\", \"score\": 50, \"date\": \"2022-03-01\"}, {\"subject\": \"math\", \"score\": 95, \"date\": \"2022-06-01\"}, {\"subject\": \"english\", \"score\": 60, \"date\": \"2022-06-01\"}], \"games\": [{\"id\": 1, \"child_id\": 12, \"game_id\": 1, \"score\": 4, \"total_questions\": 5, \"time_spent_seconds\": 40, \"played_at\": \"2025-11-29 02:08:09\", \"game_title\": \"Counting Animals\", \"game_key\": \"counting_animals\"}, {\"id\": 2, \"child_id\": 12, \"game_id\": 1, \"score\": 5, \"total_questions\": 5, \"time_spent_seconds\": 59, \"played_at\": \"2025-11-29 08:12:05\", \"game_title\": \"Counting Animals\", \"game_key\": \"counting_animals\"}, {\"id\": 3, \"child_id\": 12, \"game_id\": 1, \"score\": 5, \"total_questions\": 5, \"time_spent_seconds\": 59, \"played_at\": \"2025-11-29 08:22:14\", \"game_title\": \"Counting Animals\", \"game_key\": \"counting_animals\"}, {\"id\": 4, \"child_id\": 12, \"game_id\": 2, \"score\": 4, \"total_questions\": 5, \"time_spent_seconds\": 22, \"played_at\": \"2025-11-29 08:49:52\", \"game_title\": \"Animal Vocabulary\", \"game_key\": \"vocab_animals\"}, {\"id\": 5, \"child_id\": 12, \"game_id\": 3, \"score\": 5, \"total_questions\": 5, \"time_spent_seconds\": 19, \"played_at\": \"2025-11-29 09:12:13\", \"game_title\": \"Animal Spelling\", \"game_key\": \"spelling_animals\"}, {\"id\": 6, \"child_id\": 12, \"game_id\": 3, \"score\": 5, \"total_questions\": 5, \"time_spent_seconds\": 15, \"played_at\": \"2025-11-29 09:13:13\", \"game_title\": \"Animal Spelling\", \"game_key\": \"spelling_animals\"}, {\"id\": 7, \"child_id\": 12, \"game_id\": 3, \"score\": 5, \"total_questions\": 5, \"time_spent_seconds\": 16, \"played_at\": \"2025-11-29 09:28:14\", \"game_title\": \"Animal Spelling\", \"game_key\": \"spelling_animals\"}, {\"id\": 8, \"child_id\": 12, \"game_id\": 2, \"score\": 5, \"total_questions\": 5, \"time_spent_seconds\": 14, \"played_at\": \"2025-11-29 09:28:33\", \"game_title\": \"Animal Vocabulary\", \"game_key\": \"vocab_animals\"}, {\"id\": 9, \"child_id\": 12, \"game_id\": 1, \"score\": 4, \"total_questions\": 5, \"time_spent_seconds\": 20, \"played_at\": \"2025-11-29 09:28:57\", \"game_title\": \"Counting Animals\", \"game_key\": \"counting_animals\"}, {\"id\": 10, \"child_id\": 12, \"game_id\": 3, \"score\": 3, \"total_questions\": 5, \"time_spent_seconds\": 22, \"played_at\": \"2025-11-29 12:06:09\", \"game_title\": \"Animal Spelling\", \"game_key\": \"spelling_animals\"}]}', '<h5>Quick Snapshot</h5>\n<ul>\n<li><strong>Main strengths:</strong> Strong number sense and logical thinking, with consistent success in counting tasks and good receptive language skills.</li>\n<li><strong>Key areas to support:</strong> Developing consistency in English concepts and early spelling.</li>\n<li><strong>Overall progress:</strong> Shows clear improvement in learning, especially in vocabulary, while maintaining strength in numbers.</li>\n</ul>\n\n<h5>Detailed Insight</h5>\n<p>Lam Ah Li is showing wonderful progress! She demonstrates a clear strength in numbers and logical thinking, excelling in counting activities. Her excellent performance in vocabulary games also highlights her strong understanding of words. While she often does well with early spelling, building a little more consistency in this area will further boost her confidence with English. This pattern suggests Lam Ah Li learns efficiently, especially with structured tasks. With continued engaging activities, she is set to make even more exciting strides.</p>\n\n<h6>Suggested Activities at Home</h6>\n<ul>\n<li>Continue to explore counting in daily life, like counting toys or steps, to build on her natural number sense.</li>\n<li>To support early spelling and English, try playing simple rhyming games or pointing out initial letter sounds in words.</li>\n<li>Engage in playful \"spot the letter\" or \"guess the word\" games during walks or playtime to keep language learning fun.</li>\n</ul>', '2025-11-19 17:59:40', '2025-11-30 17:45:20');
INSERT INTO `ai_results` (`id`, `child_id`, `module`, `data`, `result`, `created_at`, `updated_at`) VALUES
(17, 12, 'learning_plan', '{\"scores\": [{\"subject\": \"math\", \"score\": 90, \"date\": \"2022-03-01\"}, {\"subject\": \"english\", \"score\": 50, \"date\": \"2022-03-01\"}, {\"subject\": \"math\", \"score\": 95, \"date\": \"2022-06-01\"}, {\"subject\": \"english\", \"score\": 60, \"date\": \"2022-06-01\"}], \"learning_result\": \"<h5>Learning Style Summary</h5>\\n<ul>\\n<li>Visual          : Strong, as they consistently prefer images, videos, and visual materials.</li>\\n<li>Auditory        : Moderate, as they enjoy discussions and sound-based games.</li>\\n<li>Reading/Writing : Moderate, as they show interest in written words and early literacy.</li>\\n<li>Kinesthetic     : Weak, as hands-on activities are not their primary learning preference.</li>\\n</ul>\\n\\n<h5>Main Learning Style</h5>\\n<p>Your child is primarily a visual learner, with developing strengths in auditory and early reading/writing styles.</p>\\n\\n<h6>Tips for Parents</h6>\\n<ul>\\n<li>Use plenty of pictures, videos, and visual aids when teaching new things.</li>\\n<li>Encourage discussions and ask questions to help your child process information.</li>\\n<li>Point out words and labels in books and daily life to nurture early reading skills.</li>\\n</ul>\", \"preschool_result\": \"<div style=\\\"font-family: Arial, sans-serif;\\\">\\n    <p><strong>Child\'s Age for Assessment:</strong> 68 months (5 years and 8 months)</p>\\n\\n    <h3 style=\\\"color: #4CAF50;\\\">Areas that are age-appropriate</h3>\\n    <ul>\\n        <li>No specific milestones were recorded as age-appropriate for Lam Ah Li at 68 months based on the provided data.</li>\\n    </ul>\\n\\n    <h3 style=\\\"color: #F44336;\\\">Areas that are delayed</h3>\\n    <ul>\\n        <li><strong>Movement/Physical Development:</strong> Lam Ah Li does not know how to walk at 68 months (5 years 8 months). Independent walking is typically achieved by 18 months. This represents a severe developmental delay in this area.</li>\\n        <li><strong>Social/Emotional Milestones:</strong> Lam Ah Li is recorded as \\\"Always not happy\\\" at 68 months. Typical social-emotional development for a child of this age includes expressing a range of emotions, engaging happily with others, and showing empathy. This observation suggests significant concerns regarding emotional well-being and social-emotional development.</li>\\n        <li><strong>Language/Communication:</strong> Although a \\\"test\\\" was recorded, no specific language achievements (e.g., telling stories, speaking in complex sentences, naming letters) are provided for Lam Ah Li at 68 months. For a child of this age, significant progress in verbal communication is expected. The absence of reported milestones suggests a likely delay in this area.</li>\\n    </ul>\\n\\n    <h3 style=\\\"color: #2196F3;\\\">Areas that are advanced for the child\'s age</h3>\\n    <ul>\\n        <li>No advanced milestones were recorded for Lam Ah Li based on the provided data.</li>\\n    </ul>\\n\\n    <p style=\\\"font-weight: bold; margin-top: 20px;\\\">\\n        Overall, Lam Ah Li demonstrates significant developmental delays in Movement/Physical Development and Social/Emotional Milestones, with concerns regarding Language/Communication based on the absence of reported age-appropriate achievements.\\n    </p>\\n</div>\", \"tutoring_result\": \"<div style=\\\"font-family: Arial, sans-serif;\\\">\\n    <h3>Child Development and Learning Support Recommendations for Lam Ah Li</h3>\\n\\n    <h4>1. Potential Weak Areas or Skills That May Need Support:</h4>\\n    <ul>\\n        <li><strong>Gross Motor Skills:</strong> The inability to walk at 68 months indicates a severe delay in fundamental physical development, impacting independence and exploration.</li>\\n        <li><strong>Social-Emotional Well-being:</strong> The consistent report of \\\"Always not happy\\\" suggests significant concerns with emotional regulation, mood, and potentially overall mental health, affecting engagement and social interaction.</li>\\n        <li><strong>Expressive and Receptive Language:</strong> The lack of reported age-appropriate language milestones suggests a likely delay in verbal communication, comprehension, and the ability to express needs and ideas.</li>\\n        <li><strong>Overall Foundational Development:</strong> Given the widespread delays across multiple domains, there is a broader need to support age-appropriate foundational skills typically acquired in early childhood.</li>\\n    </ul>\\n\\n    <h4>2. Subjects or Developmental Domains Where Tutoring or Extra Help Would Be Most Beneficial:</h4>\\n    <ul>\\n        <li><strong>Physical Therapy (PT):</strong> Essential for developing fundamental gross motor skills, particularly walking, balance, and coordination.</li>\\n        <li><strong>Speech and Language Therapy (SLT):</strong> Crucial for assessing and developing language comprehension, expressive communication, vocabulary, and potentially pre-literacy skills.</li>\\n        <li><strong>Occupational Therapy (OT):</strong> Can support sensory integration, fine motor skills (if needed, though not explicitly delayed), and overall functional independence, which often complements physical therapy.</li>\\n        <li><strong>Social-Emotional Learning (SEL) Support / Child Psychology:</strong> To address emotional regulation, mood, social engagement, and developing positive coping strategies.</li>\\n        <li><strong>Early Intervention/Special Education Support:</strong> A comprehensive, multi-disciplinary approach will be most beneficial, coordinating efforts across different therapeutic areas to address significant global developmental delays.</li>\\n    </ul>\\n\\n    <h4>3. Personalized Activity or Tutoring Style Recommendations Aligned with the Learning Style:</h4>\\n    <ul>\\n        <li><strong>Integrate Movement and Hands-on Learning (Kinesthetic Focus):</strong>\\n            <ul>\\n                <li><strong>For Physical Therapy:</strong> Incorporate play-based activities such as obstacle courses, \\\"follow the leader\\\" with clear visual demonstrations, sensory paths, and games that require active movement rather than repetitive exercises. Use large, colorful equipment.</li>\\n                <li><strong>For Language/Social-Emotional:</strong> Utilize Total Physical Response (TPR) methods for language acquisition (e.g., acting out verbs, emotions). Use role-playing and puppets to explore social scenarios and feelings. Incorporate sensory bins for vocabulary exploration.</li>\\n            </ul>\\n        </li>\\n        <li><strong>Capitalize on Visual Support (Strong Visual Preference):</strong>\\n            <ul>\\n                <li><strong>Across all domains:</strong> Use picture schedules for routines, visual cues for instructions (e.g., \\\"first-then\\\" boards), emotion flashcards, and diagrams.</li>\\n                <li><strong>For Language:</strong> Introduce new vocabulary with clear pictures and real objects. Utilize storybooks with strong illustrations. Educational videos can also be an effective tool.</li>\\n                <li><strong>For Social-Emotional:</strong> Create social stories with rich illustrations to explain expected behaviors and social norms.</li>\\n            </ul>\\n        </li>\\n        <li><strong>Leverage Reading/Writing Strengths (Exceptional Early Literacy Aptitude):</strong>\\n            <ul>\\n                <li><strong>For Language:</strong> Label objects around the environment with simple, clear words. Use flashcards pairing words with pictures. Encourage tracing letters, copying simple words, and pointing to words in books.</li>\\n                <li><strong>For Social-Emotional:</strong> Create a \\\"feelings chart\\\" or \\\"emotion book\\\" with pictures and corresponding written emotion words. Use simple written instructions for structured activities.</li>\\n                <li><strong>For Physical Therapy:</strong> If appropriate for simple commands, create written step-by-step instructions with accompanying pictures (e.g., \\\"Walk to the [picture of mat] Mat\\\").</li>\\n            </ul>\\n        </li>\\n        <li><strong>Multi-Sensory Approach and Reduced Auditory Reliance:</strong>\\n            <ul>\\n                <li>Always pair spoken instructions with visual aids or physical demonstrations. Minimize solely auditory tasks.</li>\\n                <li>Ensure learning environments are rich with textures, manipulatives, and opportunities for touch and exploration.</li>\\n                <li>Allow for frequent movement breaks and incorporate fidget tools if helpful for concentration.</li>\\n            </ul>\\n        </li>\\n    </ul>\\n\\n    <p>\\n        Lam Ah Li presents with significant developmental delays, particularly in physical and social-emotional domains, alongside concerns in language. However, the child\'s strong Kinesthetic, Reading/Writing, and Visual learning styles offer powerful avenues for intervention. A comprehensive and integrated approach, heavily relying on hands-on activities, clear visual aids, and incorporating early literacy elements, will be most effective in supporting Lam Ah Li\'s development across all identified areas, helping to bridge developmental gaps and foster engagement and progress.\\n    </p>\\n</div>\"}', '<h3>Learning Plan Summary</h3>\n<p>Lam Ah Li has a wonderful talent for learning with pictures and visual aids, and shows a keen interest in early reading and words. This week, we will gently focus on helping Lam Ah Li feel happier, move more confidently, and communicate even more with the world around. With consistent support, we are confident Lam Ah Li will make wonderful progress and thrive!</p>\n\n<h3>Weekly Action Plan</h3>\n<table class=\"table table-striped\">\n  <thead>\n    <tr><th>Day</th><th>Recommended Activities</th></tr>\n  </thead>\n  <tbody>\n    <tr>\n      <td><strong>Monday</strong></td>\n      <td>\n        <ul>\n          <li><strong>Happy Faces Match (15 mins):</strong> Use visual emotion flashcards (happy, sad, calm). Talk about each feeling and have Lam Ah Li match them to pictures of people expressing those feelings.</li>\n          <li><strong>\"My Day\" Picture Schedule (10 mins):</strong> Create a simple picture schedule for 2-3 daily activities (e.g., eat, play, rest). Point to each picture as you do the activity, encouraging a sense of routine and understanding.</li>\n          <li><strong>Alphabet Treasure Hunt (15 mins):</strong> Hide large letter cards (A-Z) around a room. As Lam Ah Li finds each card, say the letter name and sound. Show a picture of something starting with that letter.</li>\n        </ul>\n      </td>\n    </tr>\n    <tr>\n      <td><strong>Tuesday</strong></td>\n      <td>\n        <ul>\n          <li><strong>Assisted Walking & Balance Play (20 mins):</strong> With adult support, practice taking steps using a walker or holding hands. Make it a game by visually aiming for a favorite toy placed a short distance away.</li>\n          <li><strong>Story Time with Visuals (15 mins):</strong> Read a picture book with bright, clear illustrations. Point to key objects and characters as you read, asking simple \"What\'s this?\" questions.</li>\n          <li><strong>Listen & Point (English) (10 mins):</strong> Use picture cards of common objects (e.g., apple, cat, ball). Say the English word, and have Lam Ah Li point to the correct picture.</li>\n        </ul>\n      </td>\n    </tr>\n    <tr>\n      <td><strong>Wednesday</strong></td>\n      <td>\n        <ul>\n          <li><strong>Feelings Mirror Game (10 mins):</strong> Stand in front of a mirror with Lam Ah Li. Make different facial expressions (happy, surprised, sad) and encourage imitation. Talk about what each face means.</li>\n          <li><strong>Counting with Blocks (Math) (15 mins):</strong> Use colorful building blocks. Count them together, pointing to each block as you say the number. Ask Lam Ah Li to build a tower with a specific number of blocks.</li>\n          <li><strong>Tracing Shapes & Lines (15 mins):</strong> Provide large outlines of simple shapes (circle, square) or lines. Encourage Lam Ah Li to trace them with a finger or crayon.</li>\n        </ul>\n      </td>\n    </tr>\n    <tr>\n      <td><strong>Thursday</strong></td>\n      <td>\n        <ul>\n          <li><strong>\"Follow the Leader\" with Movement (20 mins):</strong> Model simple movements like clapping hands, touching toes (if possible), or lifting arms. Encourage Lam Ah Li to imitate, using clear visual demonstrations.</li>\n          <li><strong>Vocabulary Picture Cards (15 mins):</strong> Introduce 3-4 new words daily using large picture cards. Say the word, describe it, and encourage Lam Ah Li to repeat or point to it.</li>\n          <li><strong>Matching Pairs Game (English) (10 mins):</strong> Use two sets of picture cards for common English words. Mix them up and have Lam Ah Li match the pairs, saying the word if able.</li>\n        </ul>\n      </td>\n    </tr>\n    <tr>\n      <td><strong>Friday</strong></td>\n      <td>\n        <ul>\n          <li><strong>\"My Happy Place\" Drawing (15 mins):</strong> Provide paper and crayons. Ask Lam Ah Li to draw or scribble something that makes them happy. Talk about the drawing and feelings.</li>\n          <li><strong>Number Puzzle Fun (Math) (15 mins):</strong> Use a simple number puzzle where pieces fit into numbered slots. Help Lam Ah Li match the numbers, pointing to each one.</li>\n          <li><strong>Simple Object Labeling (10 mins):</strong> Put sticky notes with simple words (e.g., \"chair,\" \"door,\" \"book\") on objects around the house. Point to the word and the object, saying the name.</li>\n        </ul>\n      </td>\n    </tr>\n    <tr>\n      <td><strong>Saturday</strong></td>\n      <td>\n        <ul>\n          <li><strong>Outdoor Exploration with Support (20 mins):</strong> Take Lam Ah Li outside (e.g., garden, park) with proper support. Point out different plants, birds, or objects, naming them and encouraging observation.</li>\n          <li><strong>Music & Movement (15 mins):</strong> Play upbeat, simple children\'s songs. Encourage clapping, gentle swaying, or any movement possible to the rhythm. Use visual cues for actions.</li>\n          <li><strong>Story Creation with Pictures (15 mins):</strong> Use a few picture cards (e.g., a cat, a house, a tree). Encourage Lam Ah Li to arrange them and tell a very simple \"story\" based on the pictures.</li>\n        </ul>\n      </td>\n    </tr>\n    <tr>\n      <td><strong>Sunday</strong></td>\n      <td>\n        <ul>\n          <li><strong>Family Play Time (20 mins):</strong> Engage in unstructured play with family members. This helps foster positive social interaction and emotional connection.</li>\n          <li><strong>Review of Weekly Words/Concepts (15 mins):</strong> Briefly revisit some favorite picture cards, songs, or books from the week to reinforce learning.</li>\n          <li><strong>Reading Together (15 mins):</strong> Choose a favorite book and read it aloud. Encourage Lam Ah Li to point to familiar words or pictures, making it a relaxing and bonding experience.</li>\n        </ul>\n      </td>\n    </tr>\n  </tbody>\n</table>\n\n<h3>Long-Term Strategy</h3>\n<ul>\n  <li><strong>Consistent Support:</strong> Continue working with therapists (Physical, Speech-Language, Occupational) as recommended. Their expertise is crucial for addressing specific developmental needs.</li>\n  <li><strong>Nurture Happiness:</strong> Create a home environment rich in positive interactions, warmth, and consistent routines. Celebrate small achievements to build confidence and joy.</li>\n  <li><strong>Visual Learning Everywhere:</strong> Continue to use pictures, labels, and visual aids in all learning and daily routines. This aligns with Lam Ah Li\'s strong visual learning style and supports communication.</li>\n  <li><strong>Encourage Communication:</strong> Always speak clearly and patiently. Use gestures and visual cues along with words. Provide opportunities for Lam Ah Li to express needs and feelings, even non-verbally at first.</li>\n  <li><strong>Daily Movement & Exploration:</strong> Even small amounts of supported physical activity daily are vital. Make it fun and integrated into play, focusing on building strength, balance, and coordination at Lam Ah Li\'s own pace.</li>\n</ul>', '2025-11-19 18:14:20', '2025-12-01 06:59:27'),
(18, 12, 'resources', '{\"scores\": [{\"subject\": \"math\", \"score\": 60, \"date\": \"2022-06-01\"}, {\"subject\": \"english\", \"score\": 50, \"date\": \"2022-06-01\"}, {\"subject\": \"bm\", \"score\": 40, \"date\": \"2022-06-01\"}, {\"subject\": \"math\", \"score\": 80, \"date\": \"2022-03-01\"}, {\"subject\": \"english\", \"score\": 60, \"date\": \"2022-03-01\"}, {\"subject\": \"bm\", \"score\": 70, \"date\": \"2022-03-01\"}], \"learning_summary\": \"<p><strong>Most Likely Learning Style:</strong> Kinesthetic</p>\\n\\n<p>\\n    Based on the observation that the child \\\"cannot focus while study and learning at school,\\\" a kinesthetic learning style is the most likely.\\n    Kinesthetic learners thrive when they can move, touch, and interact physically with their learning environment to process information.\\n    Traditional classroom settings, which often require children to sit still for extended periods, can be particularly challenging for these active learners, leading to apparent difficulties with focus and attention.\\n    Their inherent need for movement and hands-on engagement is central to how they process and retain new information effectively.\\n</p>\\n\\n<h3>Actionable Suggestions:</h3>\\n<ul>\\n    <li>Integrate physical activity into lessons, such as movement breaks, standing desks, or learning games that involve gross motor skills.</li>\\n    <li>Provide hands-on learning opportunities using manipulatives, playdough, blocks, or other tactile materials to explore concepts.</li>\\n    <li>Encourage role-playing, experiments, and building activities where the child can actively participate and experience the learning content.</li>\\n    <li>Allow for frequent, short breaks where the child can stand up, stretch, or move around to help regulate their energy and attention.</li>\\n    <li>Utilize sensory bins or textured objects during quiet time activities to engage their tactile senses in a focused way.</li>\\n</ul>\", \"age\": 5, \"grade_level\": \"A\"}', '<h3>Suggested Resources Overview</h3>\nDear Parents, we\'ve put together a special collection of resources for Lam Ah Li that celebrates her energetic and hands-on learning style! Since Ah Li learns best by moving and doing, these activities are designed to be interactive and engaging. We\'ll focus on making learning Bahasa Malaysia and English fun and active, while also continuing to build on her developing math skills through playful exploration. Get ready to move, play, and discover together!\n\n<h3>Videos</h3>\n<ul>\n  <li><strong>Active Alphabet Action Song (English)</strong>  This lively video uses catchy songs and body movements to help your child learn and recognize English alphabet letters and their sounds. (Target skill: English letter recognition, phonics; approximate duration: 3-4 minutes; what parents should do: Encourage your child to sing along, mimic the actions, and even pause the video to practice forming the letters with their body or hands.)</li>\n  <li><strong>Gerak-Gerak Nombor (BM Counting Movement)</strong>  A fun Bahasa Malaysia video that teaches counting from 1 to 10 through simple, repetitive physical actions and songs. (Target skill: BM number recognition, counting, vocabulary; approximate duration: 4-5 minutes; what parents should do: Join in the movements and counts, repeating the BM words clearly. You can also point to objects around the room and count them in BM.)</li>\n  <li><strong>Shape Explorer Dance</strong>  This video encourages children to move their bodies to represent different shapes (e.g., making a circle with their arms, standing like a triangle) while identifying shapes found in their environment. (Target skill: Math - shape recognition, gross motor skills; approximate duration: 5 minutes; what parents should do: Participate with your child, helping them spot shapes around the house and encouraging creative movements for each shape.)</li>\n</ul>\n\n<h3>Games & Apps</h3>\n<ul>\n  <li><strong>Sensory Bin Letter & Number Hunt (Offline Game)</strong>  Create a large bin filled with rice, sand, or beans, and hide magnetic letters, number tiles, or small cut-out letters/numbers. Your child can use scoops or their hands to find and identify them. (Type: Offline game; target subject or skill: English/BM letter and number recognition, fine motor skills, tactile learning)</li>\n  <li><strong>Giant Floor Mat Race (Offline Game)</strong>  Use painter\'s tape to create a large number line or alphabet path on the floor. Call out a number or letter, and your child hops, skips, or crawls to it. (Type: Offline game; target subject or skill: Math - number sequencing, English/BM - letter recognition, gross motor skills)</li>\n  <li><strong>Play-Doh Story Creation (Offline Game)</strong>  Encourage your child to sculpt characters and objects from a simple story you tell in English or Bahasa Malaysia. They can act out parts of the story with their creations. (Type: Offline game; target subject or skill: English/BM vocabulary, storytelling, imaginative play, fine motor skills)</li>\n  <li><strong>Interactive Building Blocks App</strong>  A digital app that allows children to build and create structures using virtual blocks, often with challenges that involve spatial reasoning or following patterns. (Type: Mobile app / Digital game; target subject or skill: Math - spatial reasoning, problem-solving, creativity, basic physics concepts)</li>\n  <li><strong>Alphabet Tracing & Phonics Adventure</strong>  An app where children trace letters with their finger and hear the phonetic sound, often with mini-games involving matching sounds to words. (Type: Mobile app; target subject or skill: English/BM letter formation, phonics, vocabulary)</li>\n</ul>\n\n<h3>Books & Reading Materials</h3>\n<ul>\n  <li><strong>\"Busy Builders\" Lift-the-Flap Book</strong>  An interactive book where children lift flaps to discover hidden objects, numbers, or letters related to a building theme. (Reading level: Preschool; themes: Construction, discovery, numbers/letters; how it supports their learning: Encourages tactile exploration, prediction, and makes reading an active experience, engaging their kinesthetic style.)</li>\n  <li><strong>\"My First Bahasa Malaysia Words: An Action Book\"</strong>  A picture book with simple BM words and phrases, each paired with an action or movement the child can perform while reading. (Reading level: Preschool; themes: Everyday actions, BM vocabulary; how it supports their learning: Connects words to physical movements, enhancing memory and comprehension for BM.)</li>\n  <li><strong>\"Where\'s My _______?\" Sensory Board Book</strong>  Books with different textures for children to touch and feel as they search for a character or object on each page. (Reading level: Preschool; themes: Exploration, senses, animals/objects; how it supports their learning: Engages tactile senses, making reading a multi-sensory and interactive experience.)</li>\n  <li><strong>\"The Number Detective\" Interactive Picture Book</strong>  A storybook that encourages children to find and count specific objects on each page to help a character solve a mystery. (Reading level: Preschool; themes: Counting, observation, problem-solving; how it supports their learning: Turns reading into an active search-and-find game, reinforcing math skills in an engaging way.)</li>\n</ul>', '2025-11-19 18:33:21', '2025-11-20 04:01:36'),
(19, 13, 'preschool', '[{\"id\": 17, \"child_id\": 13, \"domain\": \"Language/Communication\", \"description\": \"cant talk\", \"date\": \"2023-01-01\", \"date_str\": \"2023-01\", \"age_months\": 12}]', '<p><strong>Developmental Summary for Chen (at 12 months of age)</strong></p>\n\n<p>Based on the provided milestones, here is a comparison of Chen\'s development to standard age-based benchmarks:</p>\n\n<ul>\n    <li>\n        <strong>Areas that are age-appropriate:</strong>\n        <p>No specific milestones were provided for Chen to assess age-appropriate development in other categories at 12 months.</p>\n    </li>\n    <li>\n        <strong>Areas that are delayed:</strong>\n        <ul>\n            <li><strong>Language/Communication:</strong> At 12 months, Chen \"cant talk.\" This indicates a significant delay compared to standard benchmarks, which typically include saying \"mama\" or \"dada\" and waving \"bye-bye\" by this age.</li>\n        </ul>\n    </li>\n    <li>\n        <strong>Areas that are advanced for the child\'s age:</strong>\n        <p>No specific milestones were provided to indicate advanced development in any category.</p>\n    </li>\n</ul>\n\n<p><strong>Overall Development Progress:</strong> Chen is experiencing a notable delay in language and communication development based on the available information.</p>', '2025-11-27 15:23:56', '2025-11-27 15:23:56'),
(20, 13, 'tutoring', '{\n  \"learning\": null,\n  \"preschool\": \"<p><strong>Developmental Summary for Chen (at 12 months of age)</strong></p>\\n\\n<p>Based on the provided milestones, here is a comparison of Chen\'s development to standard age-based benchmarks:</p>\\n\\n<ul>\\n    <li>\\n        <strong>Areas that are age-appropriate:</strong>\\n        <p>No specific milestones were provided for Chen to assess age-appropriate development in other categories at 12 months.</p>\\n    </li>\\n    <li>\\n        <strong>Areas that are delayed:</strong>\\n        <ul>\\n            <li><strong>Language/Communication:</strong> At 12 months, Chen \\\"cant talk.\\\" This indicates a significant delay compared to standard benchmarks, which typically include saying \\\"mama\\\" or \\\"dada\\\" and waving \\\"bye-bye\\\" by this age.</li>\\n        </ul>\\n    </li>\\n    <li>\\n        <strong>Areas that are advanced for the child\'s age:</strong>\\n        <p>No specific milestones were provided to indicate advanced development in any category.</p>\\n    </li>\\n</ul>\\n\\n<p><strong>Overall Development Progress:</strong> Chen is experiencing a notable delay in language and communication development based on the available information.</p>\"\n}', '<h3>Potential Weak Areas and Skills Needing Support</h3>\n<ul>\n    <li><strong>Language and Communication Development:</strong> Chen\'s inability to talk at 12 months is a key indicator of a delay in expressive language skills. This likely extends to pre-verbal communication skills such as babbling with consonant-vowel combinations, imitating sounds, and using gestures like waving or pointing.</li>\n    <li><strong>Receptive Language Skills:</strong> While not explicitly stated, expressive language delays can sometimes coincide with or impact receptive language development (understanding words and instructions). This area warrants close monitoring.</li>\n    <li><strong>Social Communication:</strong> The development of language is closely linked to social interaction. Delays in communication may indirectly affect social communication milestones, such as responding to their name, showing interest in others, or engaging in reciprocal play.</li>\n</ul>\n\n<h3>Subjects or Developmental Domains Where Tutoring or Extra Help Would Be Most Beneficial</h3>\n<ul>\n    <li><strong>Speech and Language Development:</strong> This is the primary domain requiring focused support. Early intervention with a Speech-Language Pathologist (SLP) is highly recommended to assess Chen\'s current communication skills comprehensively and to create a targeted intervention plan.</li>\n    <li><strong>Early Communication Skills:</strong> Emphasis should be placed on fostering foundational communication, including babbling, sound imitation, joint attention (sharing focus on an object or event), and the use of gestures.</li>\n</ul>\n\n<h3>Personalized Activity or Tutoring Style Recommendations</h3>\n<p>Given the lack of specific learning style data, the following recommendations are based on best practices for fostering language development in infants and should be adapted as Chen\'s preferences become clearer:</p>\n<ul>\n    <li><strong>Interactive and Responsive Communication:</strong> Engage Chen in frequent, face-to-face interactions. Respond to all of Chen\'s vocalizations (babbling, cooing) by imitating sounds, expanding on them (e.g., if Chen says \"ba,\" you say \"Ball! Big ball!\"), and narrating your actions throughout the day.</li>\n    <li><strong>Modeling and Repetition:</strong> Use simple, clear language. Point to objects and name them (\"ball,\" \"doggy,\" \"milk\"). Repeat words and phrases often, especially during routines like feeding, diaper changes, and play.</li>\n    <li><strong>Reading Aloud Daily:</strong> Read board books daily, pointing to pictures and naming them. Encourage Chen to interact with the book by turning pages or looking at specific illustrations. Choose books with bright colors and simple stories.</li>\n    <li><strong>Singing and Rhymes:</strong> Sing simple nursery rhymes and songs with actions (e.g., \"Pat-a-Cake,\" \"Itsy Bitsy Spider\"). The rhythm and repetition help with language acquisition.</li>\n    <li><strong>Gesture and Sign Language:</strong> Introduce simple gestures or baby signs for common words like \"more,\" \"all done,\" \"milk,\" and \"eat.\" This can reduce frustration and provide a bridge to spoken language.</li>\n    <li><strong>Play-Based Learning:</strong> Incorporate language into play. During playtime, describe what Chen is doing or what toys are being used (\"You\'re pushing the car,\" \"The block is red\"). Encourage turn-taking during play.</li>\n    <li><strong>Observation for Learning Style Clues:</strong> Pay close attention to how Chen responds to different types of stimulation. Does Chen seem more engaged by visual cues, sounds, movement, or hands-on activities? This will help tailor future interactions.</li>\n</ul>\n\n<p><strong>Summary for Parents:</strong> Chen is showing a notable delay in language and communication development, which is a critical area for early intervention. Seeking a professional evaluation and guidance from a Speech-Language Pathologist is the most crucial next step. Alongside professional support, consistent and engaging language-rich interactions at home, through activities like responsive talking, reading, singing, and play, will provide Chen with valuable opportunities to develop essential communication skills. Early support in this area is key to fostering overall developmental progress.</p>', '2025-11-27 15:24:27', '2025-11-27 15:24:27'),
(21, 13, 'insights', '{\"scores\": [{\"subject\": \"drawing\", \"score\": 90, \"date\": \"2025-01-01\"}, {\"subject\": \"Coloring\", \"score\": 80, \"date\": \"2025-03-01\"}]}', 'Dear Chen\'s Parents,\n\nIt\'s wonderful to see Chen\'s creativity blossoming at three years old! Chen shows a remarkable flair for artistic expression, especially in drawing, demonstrating a strong imaginative ability. While Chen\'s drawing is truly standout, we\'ve noticed that coloring skills are developing nicely and could benefit from a little more focused practice to build confidence. To gently support this at home, try offering a variety of coloring tools like chunky crayons or washable markers, and encourage filling in larger shapes or simple outlines together. You could also make it a fun game by talking about the colors as Chen uses them, celebrating every effort and splash of color.', '2025-11-27 15:24:39', '2025-11-27 15:24:39'),
(23, 12, 'learning', '{\n  \"observations\": [\n    {\n      \"id\": 11,\n      \"child_id\": 12,\n      \"observation\": \"my kid really likes to watch youtube cartoon and video in his daily life\",\n      \"created_at\": \"2025-11-30 23:04:58\"\n    }\n  ],\n  \"answers\": [\n    {\n      \"answer_id\": 96,\n      \"test_id\": 7,\n      \"question_id\": 42,\n      \"answer\": \"5\",\n      \"created_at\": \"2025-11-30 22:55:14\",\n      \"test_name\": \"Visual Learning Questionnaire\",\n      \"question_text\": \"My child likes to look at pictures, books, or charts when learning something new. ( 1 : very disagree  -  5 : very agree)\",\n      \"question_category\": \"visual\"\n    },\n    {\n      \"answer_id\": 97,\n      \"test_id\": 7,\n      \"question_id\": 43,\n      \"answer\": \"5\",\n      \"created_at\": \"2025-11-30 22:55:14\",\n      \"test_name\": \"Visual Learning Questionnaire\",\n      \"question_text\": \"My child remembers things better when seeing them rather than hearing them. ( 1 : very disagree  -  5 : very agree)\",\n      \"question_category\": \"visual\"\n    },\n    {\n      \"answer_id\": 98,\n      \"test_id\": 7,\n      \"question_id\": 44,\n      \"answer\": \"5\",\n      \"created_at\": \"2025-11-30 22:55:14\",\n      \"test_name\": \"Visual Learning Questionnaire\",\n      \"question_text\": \"My child is attracted to bright colours, drawings, and visual materials. ( 1 : very disagree  -  5 : very agree)\",\n      \"question_category\": \"visual\"\n    },\n    {\n      \"answer_id\": 99,\n      \"test_id\": 7,\n      \"question_id\": 45,\n      \"answer\": \"5\",\n      \"created_at\": \"2025-11-30 22:55:14\",\n      \"test_name\": \"Visual Learning Questionnaire\",\n      \"question_text\": \"My child often points to pictures or images when explaining something. ( 1 : very disagree  -  5 : very agree)\",\n      \"question_category\": \"visual\"\n    },\n    {\n      \"answer_id\": 100,\n      \"test_id\": 7,\n      \"question_id\": 46,\n      \"answer\": \"5\",\n      \"created_at\": \"2025-11-30 22:55:14\",\n      \"test_name\": \"Visual Learning Questionnaire\",\n      \"question_text\": \"If given a choice, my child prefers watching videos instead of only listening. ( 1 : very disagree  -  5 : very agree)\",\n      \"question_category\": \"visual\"\n    },\n    {\n      \"answer_id\": 91,\n      \"test_id\": 8,\n      \"question_id\": 37,\n      \"answer\": \"3\",\n      \"created_at\": \"2025-11-30 22:55:07\",\n      \"test_name\": \"Auditory Learning Questionnaire\",\n      \"question_text\": \"My child enjoys listening to stories, songs, or rhymes. ( 1 : very disagree  -  5 : very agree)\",\n      \"question_category\": \"auditory\"\n    },\n    {\n      \"answer_id\": 92,\n      \"test_id\": 8,\n      \"question_id\": 38,\n      \"answer\": \"4\",\n      \"created_at\": \"2025-11-30 22:55:07\",\n      \"test_name\": \"Auditory Learning Questionnaire\",\n      \"question_text\": \"My child often repeats words or talks to themselves while learning. ( 1 : very disagree  -  5 : very agree)\",\n      \"question_category\": \"auditory\"\n    },\n    {\n      \"answer_id\": 93,\n      \"test_id\": 8,\n      \"question_id\": 39,\n      \"answer\": \"3\",\n      \"created_at\": \"2025-11-30 22:55:07\",\n      \"test_name\": \"Auditory Learning Questionnaire\",\n      \"question_text\": \"My child remembers instructions better when they are spoken instead of written. ( 1 : very disagree  -  5 : very agree)\",\n      \"question_category\": \"auditory\"\n    },\n    {\n      \"answer_id\": 94,\n      \"test_id\": 8,\n      \"question_id\": 40,\n      \"answer\": \"5\",\n      \"created_at\": \"2025-11-30 22:55:07\",\n      \"test_name\": \"Auditory Learning Questionnaire\",\n      \"question_text\": \"My child likes to ask questions and discuss topics out loud. ( 1 : very disagree  -  5 : very agree)\",\n      \"question_category\": \"auditory\"\n    },\n    {\n      \"answer_id\": 95,\n      \"test_id\": 8,\n      \"question_id\": 41,\n      \"answer\": \"4\",\n      \"created_at\": \"2025-11-30 22:55:07\",\n      \"test_name\": \"Auditory Learning Questionnaire\",\n      \"question_text\": \"My child enjoys sound-based games (songs, rhyming, clapping patterns). ( 1 : very disagree  -  5 : very agree)\",\n      \"question_category\": \"auditory\"\n    },\n    {\n      \"answer_id\": 86,\n      \"test_id\": 9,\n      \"question_id\": 52,\n      \"answer\": \"4\",\n      \"created_at\": \"2025-11-30 22:54:58\",\n      \"test_name\": \"Reading/Writing Learning Questionnaire\",\n      \"question_text\": \"My child likes to look at written words, labels, or simple text. ( 1 : very disagree  -  5 : very agree)\",\n      \"question_category\": \"reading\"\n    },\n    {\n      \"answer_id\": 87,\n      \"test_id\": 9,\n      \"question_id\": 53,\n      \"answer\": \"4\",\n      \"created_at\": \"2025-11-30 22:54:58\",\n      \"test_name\": \"Reading/Writing Learning Questionnaire\",\n      \"question_text\": \"My child enjoys tracing letters or copying simple words. ( 1 : very disagree  -  5 : very agree)\",\n      \"question_category\": \"reading\"\n    },\n    {\n      \"answer_id\": 88,\n      \"test_id\": 9,\n      \"question_id\": 54,\n      \"answer\": \"4\",\n      \"created_at\": \"2025-11-30 22:54:58\",\n      \"test_name\": \"Reading/Writing Learning Questionnaire\",\n      \"question_text\": \"My child points at words or follows with a finger while reading. ( 1 : very disagree  -  5 : very agree)\",\n      \"question_category\": \"reading\"\n    },\n    {\n      \"answer_id\": 89,\n      \"test_id\": 9,\n      \"question_id\": 55,\n      \"answer\": \"4\",\n      \"created_at\": \"2025-11-30 22:54:58\",\n      \"test_name\": \"Reading/Writing Learning Questionnaire\",\n      \"question_text\": \"My child asks what words say when they see text in books or on signs. ( 1 : very disagree  -  5 : very agree)\",\n      \"question_category\": \"reading\"\n    },\n    {\n      \"answer_id\": 90,\n      \"test_id\": 9,\n      \"question_id\": 56,\n      \"answer\": \"4\",\n      \"created_at\": \"2025-11-30 22:54:58\",\n      \"test_name\": \"Reading/Writing Learning Questionnaire\",\n      \"question_text\": \"My child prefers looking at written instructions instead of only listening. ( 1 : very disagree  -  5 : very agree)\",\n      \"question_category\": \"reading\"\n    },\n    {\n      \"answer_id\": 81,\n      \"test_id\": 10,\n      \"question_id\": 62,\n      \"answer\": \"3\",\n      \"created_at\": \"2025-11-30 22:54:50\",\n      \"test_name\": \"Kinesthetic Learning Questionnaire\",\n      \"question_text\": \"My child learns better when there is hands-on activity (drawing, building, playing). ( 1 : very disagree  -  5 : very agree)\",\n      \"question_category\": \"visual\"\n    },\n    {\n      \"answer_id\": 82,\n      \"test_id\": 10,\n      \"question_id\": 63,\n      \"answer\": \"3\",\n      \"created_at\": \"2025-11-30 22:54:50\",\n      \"test_name\": \"Kinesthetic Learning Questionnaire\",\n      \"question_text\": \"My child often moves around or fidgets when learning. ( 1 : very disagree  -  5 : very agree)\",\n      \"question_category\": \"visual\"\n    },\n    {\n      \"answer_id\": 83,\n      \"test_id\": 10,\n      \"question_id\": 64,\n      \"answer\": \"3\",\n      \"created_at\": \"2025-11-30 22:54:50\",\n      \"test_name\": \"Kinesthetic Learning Questionnaire\",\n      \"question_text\": \"My child remembers things better after doing an activity. ( 1 : very disagree  -  5 : very agree)\",\n      \"question_category\": \"visual\"\n    },\n    {\n      \"answer_id\": 84,\n      \"test_id\": 10,\n      \"question_id\": 65,\n      \"answer\": \"3\",\n      \"created_at\": \"2025-11-30 22:54:50\",\n      \"test_name\": \"Kinesthetic Learning Questionnaire\",\n      \"question_text\": \"My child likes to touch and explore objects when they are curious. ( 1 : very disagree  -  5 : very agree)\",\n      \"question_category\": \"visual\"\n    },\n    {\n      \"answer_id\": 85,\n      \"test_id\": 10,\n      \"question_id\": 66,\n      \"answer\": \"3\",\n      \"created_at\": \"2025-11-30 22:54:50\",\n      \"test_name\": \"Kinesthetic Learning Questionnaire\",\n      \"question_text\": \"My child finds it hard to sit still for a long time during quiet learning. ( 1 : very disagree  -  5 : very agree)\",\n      \"question_category\": \"visual\"\n    }\n  ]\n}', '<h5>Learning Style Summary</h5>\n<ul>\n<li>Visual          : Strong, as they consistently prefer images, videos, and visual materials.</li>\n<li>Auditory        : Moderate, as they enjoy discussions and sound-based games.</li>\n<li>Reading/Writing : Moderate, as they show interest in written words and early literacy.</li>\n<li>Kinesthetic     : Weak, as hands-on activities are not their primary learning preference.</li>\n</ul>\n\n<h5>Main Learning Style</h5>\n<p>Your child is primarily a visual learner, with developing strengths in auditory and early reading/writing styles.</p>\n\n<h6>Tips for Parents</h6>\n<ul>\n<li>Use plenty of pictures, videos, and visual aids when teaching new things.</li>\n<li>Encourage discussions and ask questions to help your child process information.</li>\n<li>Point out words and labels in books and daily life to nurture early reading skills.</li>\n</ul>', '2025-11-30 15:44:11', '2025-11-30 15:44:11'),
(24, 15, 'preschool', '[{\"id\": 19, \"child_id\": 15, \"domain\": \"Social/Emotional Milestones\", \"description\": \"Always not happy\", \"date\": \"2025-02-01\", \"date_str\": \"2025-02\", \"age_months\": 24}, {\"id\": 18, \"child_id\": 15, \"domain\": \"Language/Communication\", \"description\": \"Can read story book\", \"date\": \"2025-01-01\", \"date_str\": \"2025-01\", \"age_months\": 23}]', '<p><strong>Child\'s Name:</strong> Chen</p>\n<p><strong>Age for Assessment:</strong> 24 months (2 years old)</p>\n\n<h3>Developmental Summary:</h3>\n\n<h4>Areas that are age-appropriate:</h4>\n<p>Based on the limited provided data, specific age-appropriate milestones cannot be confirmed for most developmental domains, such as Cognitive and Movement/Physical Development.</p>\n\n<h4>Areas that are delayed:</h4>\n<ul>\n    <li><strong>Social/Emotional:</strong> The observation that Chen is \"Always not happy (at 24 months)\" is a significant concern. This indicates a potential delay or atypical pattern in social-emotional development, as children at this age typically express a broader range of emotions and begin to engage in more complex social interactions.</li>\n</ul>\n\n<h4>Areas that are advanced for the child\'s age:</h4>\n<ul>\n    <li><strong>Language/Communication:</strong> Chen\'s ability to \"Can read story book (at 23 months)\" is remarkably advanced. Reading full storybooks is typically a skill developed much later, often between 5 to 6 years of age, far exceeding the expected language milestones for a 2-year-old who would typically be pointing to pictures in books and forming simple sentences.</li>\n</ul>\n\n<p>Overall, Chen exhibits significantly advanced language and literacy skills, while also showing a notable concern in his social-emotional well-being that warrants further evaluation.</p>', '2025-12-01 09:41:56', '2025-12-01 09:42:46'),
(26, 15, 'tutoring', '{\n  \"learning\": \"<h5>Learning Style Summary</h5>\\n<ul>\\n<li>Visual : Strong. Your child really enjoys learning through videos and cartoons.</li>\\n<li>Auditory : Weak. Your child shows a clear preference for less verbal interaction.</li>\\n<li>Reading/Writing : Weak. Your child doesn\'t seem to engage much with written words or text yet.</li>\\n<li>Kinesthetic : Moderate. Your child often moves around or fidgets, suggesting some hands-on preference.</li>\\n</ul>\\n\\n<h5>Main Learning Style</h5>\\n<p>Your child primarily learns visually, with some moderate kinesthetic (hands-on) tendencies.</p>\\n\\n<h6>Tips for Parents</h6>\\n<ul>\\n<li>Use lots of pictures, videos, and visual aids to introduce new ideas and concepts.</li>\\n<li>Encourage hands-on activities like building, drawing, or exploring objects to support their learning.</li>\\n<li>Remember they might prefer to show you rather than tell you, so offer visual cues and demonstrations.</li>\\n</ul>\",\n  \"preschool\": \"<p><strong>Child\'s Name:</strong> Chen</p>\\n<p><strong>Age for Assessment:</strong> 24 months (2 years old)</p>\\n\\n<h3>Developmental Summary:</h3>\\n\\n<h4>Areas that are age-appropriate:</h4>\\n<p>Based on the limited provided data, specific age-appropriate milestones cannot be confirmed for most developmental domains, such as Cognitive and Movement/Physical Development.</p>\\n\\n<h4>Areas that are delayed:</h4>\\n<ul>\\n    <li><strong>Social/Emotional:</strong> The observation that Chen is \\\"Always not happy (at 24 months)\\\" is a significant concern. This indicates a potential delay or atypical pattern in social-emotional development, as children at this age typically express a broader range of emotions and begin to engage in more complex social interactions.</li>\\n</ul>\\n\\n<h4>Areas that are advanced for the child\'s age:</h4>\\n<ul>\\n    <li><strong>Language/Communication:</strong> Chen\'s ability to \\\"Can read story book (at 23 months)\\\" is remarkably advanced. Reading full storybooks is typically a skill developed much later, often between 5 to 6 years of age, far exceeding the expected language milestones for a 2-year-old who would typically be pointing to pictures in books and forming simple sentences.</li>\\n</ul>\\n\\n<p>Overall, Chen exhibits significantly advanced language and literacy skills, while also showing a notable concern in his social-emotional well-being that warrants further evaluation.</p>\"\n}', '<h3>1. Potential Weak Areas</h3>\n<ul>\n  <li><strong>Social-Emotional Development:</strong> There\'s a significant concern regarding Chen\'s consistent unhappiness and potential difficulties in expressing emotions and engaging in positive social interactions, which is crucial for a nursery-aged child.</li>\n  <li><strong>Auditory Engagement and Expressive Communication:</strong> Chen\'s preference for less verbal interaction and a weak auditory learning style suggest he may struggle with purely verbal instructions or discussions, and might benefit from more support in expressing his thoughts and feelings verbally.</li>\n  <li><strong>Fine Motor Skills for Writing:</strong> While Chen exhibits exceptionally advanced reading abilities, his reported disengagement with written words or text might indicate a need to develop foundational fine motor skills and pre-writing readiness to bridge this gap.</li>\n</ul>\n\n<h3>2. Recommended Focus Areas</h3>\n<ul>\n  <li><strong>Social-Emotional Learning (SEL):</strong> Prioritizing activities that help Chen understand, identify, and express his emotions, as well as develop empathy and positive social interaction skills.</li>\n  <li><strong>Visual and Kinesthetic Communication:</strong> Supporting Chen in communicating his needs and emotions through visual cues and hands-on activities, given his advanced visual processing and moderate kinesthetic preference.</li>\n  <li><strong>Pre-Writing and Creative Expression:</strong> Engaging in activities that strengthen fine motor control and provide an outlet for creative expression, which can also tie into emotional processing.</li>\n</ul>\n\n<h3>3. Personalized Activities</h3>\n<ul>\n  <li><strong>Emotion Detective Play:</strong> Use picture cards or visual charts depicting various emotions. Encourage Chen to identify emotions, mimic them, and discuss what might make someone feel that way (visual, kinesthetic, social-emotional).</li>\n  <li><strong>Role-Playing with Puppets/Dolls:</strong> Create simple scenarios using puppets or toy figures to act out social situations, practicing greetings, sharing, and expressing feelings. This provides a safe, hands-on way to explore interactions (kinesthetic, visual, social-emotional).</li>\n  <li><strong>Visual Story Creation:</strong> Encourage Chen to draw or create simple visual stories (using stickers, cut-outs, or digital drawing apps) about characters experiencing different feelings or social events. He can then \"read\" his own visual narrative, linking his advanced reading to creative expression (visual, kinesthetic, reading, social-emotional).</li>\n  <li><strong>Sensory Play & Art for Expression:</strong> Engage in open-ended sensory activities like play-doh, sand play, or painting with large brushes. Encourage him to describe what he\'s creating or how the textures feel, indirectly linking sensations to emotions (kinesthetic, visual, fine motor).</li>\n</ul>\n\n<h3>4. Recommended Learning Materials</h3>\n<p>Here are specific products to support Chen\'s learning:</p>\n\n\n\n\n\n\n\n\n\n<p><strong>Parent Action Plan:</strong> Your primary focus should be on nurturing Chen\'s emotional well-being and helping him develop robust social-emotional skills through visual and hands-on play. Leverage his extraordinary reading ability by providing books that support emotional understanding, and gently encourage fine motor development for future writing skills.</p>', '2025-12-01 09:46:20', '2025-12-01 14:16:06');
INSERT INTO `ai_results` (`id`, `child_id`, `module`, `data`, `result`, `created_at`, `updated_at`) VALUES
(27, 15, 'tutoring', '{\n  \"learning\": \"<h5>Learning Style Summary</h5>\\n<ul>\\n<li>Visual          : Strong - Your child loves watching videos and cartoons daily.</li>\\n<li>Auditory        : Weak - We don\'t have specific information about this style.</li>\\n<li>Reading/Writing : Weak - We don\'t have specific information about this style.</li>\\n<li>Kinesthetic     : Moderate - Your child shows some tendency to move and fidget, and enjoys hands-on activities sometimes.</li>\\n</ul>\\n\\n<h5>Main Learning Style</h5>\\n<p>Your child appears to be a primarily Visual learner with some Kinesthetic tendencies.</p>\\n\\n<h6>Tips for Parents</h6>\\n<ul>\\n<li>Use colorful books with lots of pictures, educational videos, and visual aids when teaching new concepts.</li>\\n<li>Incorporate movement and hands-on play, such as building with blocks or drawing, into learning time.</li>\\n<li>Encourage safe exploration of objects and allow your child to touch and feel things they are curious about.</li>\\n</ul>\",\n  \"preschool\": \"<p><strong>Child\'s Name:</strong> Chen</p>\\n<p><strong>Age for Assessment:</strong> 24 months (2 years old)</p>\\n\\n<h3>Developmental Summary:</h3>\\n\\n<h4>Areas that are age-appropriate:</h4>\\n<p>Based on the limited provided data, specific age-appropriate milestones cannot be confirmed for most developmental domains, such as Cognitive and Movement/Physical Development.</p>\\n\\n<h4>Areas that are delayed:</h4>\\n<ul>\\n    <li><strong>Social/Emotional:</strong> The observation that Chen is \\\"Always not happy (at 24 months)\\\" is a significant concern. This indicates a potential delay or atypical pattern in social-emotional development, as children at this age typically express a broader range of emotions and begin to engage in more complex social interactions.</li>\\n</ul>\\n\\n<h4>Areas that are advanced for the child\'s age:</h4>\\n<ul>\\n    <li><strong>Language/Communication:</strong> Chen\'s ability to \\\"Can read story book (at 23 months)\\\" is remarkably advanced. Reading full storybooks is typically a skill developed much later, often between 5 to 6 years of age, far exceeding the expected language milestones for a 2-year-old who would typically be pointing to pictures in books and forming simple sentences.</li>\\n</ul>\\n\\n<p>Overall, Chen exhibits significantly advanced language and literacy skills, while also showing a notable concern in his social-emotional well-being that warrants further evaluation.</p>\"\n}', '<h3>1. Potential Weak Areas</h3>\n<ul>\n  <li><strong>Social-Emotional Development:</strong> The observation that Chen was \"always not happy\" at 24 months is a significant concern. At 3 years old, children are developing a wider range of emotions and social skills, including empathy, sharing, and cooperative play. Chen needs focused support to understand, express, and manage his emotions, and to engage in positive social interactions.</li>\n  <li><strong>Emotional Regulation and Expression:</strong> Related to the above, Chen may benefit from learning healthy strategies to identify and communicate his feelings, moving beyond persistent unhappiness.</li>\n</ul>\n\n<h3>2. Recommended Focus Areas</h3>\n<ul>\n  <li><strong>Social-Emotional Learning (SEL):</strong> This should be the primary focus, aiming to build emotional literacy, self-awareness, self-management, and social awareness.</li>\n  <li><strong>Play-Based Social Skills:</strong> Encouraging structured and unstructured play that promotes interaction, sharing, turn-taking, and understanding social cues.</li>\n  <li><strong>Creative Emotional Expression:</strong> Utilizing art, music, or imaginative play as outlets for processing and expressing feelings in a safe and constructive manner.</li>\n</ul>\n\n<h3>3. Personalized Activities</h3>\n<ul>\n  <li><strong>Emotion Recognition Games:</strong> Use picture cards or videos depicting various facial expressions and body language. Ask Chen to identify the emotion and discuss what might make someone feel that way, leveraging his strong visual learning style and advanced literacy.</li>\n  <li><strong>Interactive Storytelling with Puppets/Characters:</strong> Create simple puppet shows or use action figures to act out social scenarios (e.g., sharing, making a friend, dealing with frustration). Encourage Chen to participate, predict outcomes, or suggest solutions, tapping into his kinesthetic and visual preferences.</li>\n  <li><strong>\"My Feelings\" Drawing/Building:</strong> Provide art supplies or blocks and encourage Chen to draw or build something that represents how he feels, or how a character in a story might feel. This provides a visual and kinesthetic outlet for emotional expression.</li>\n  <li><strong>\"Role-Play and Pretend Play Corners\":</strong> Set up designated areas with props (e.g., a \"doctor\'s office,\" \"grocery store,\" or \"home\") to encourage imaginative role-play with an adult or another child, fostering social interaction and understanding of different roles and emotions.</li>\n</ul>\n\n<h3>4. Recommended Learning Materials</h3>\n<p>Here are specific products to support Chen\'s learning:</p>\n\n\n\n\n\n\n\n\n\n\n\n<p><strong>Parent Action Plan:</strong> Parents should prioritize creating a highly supportive and engaging environment focused on Chen\'s social-emotional development. Leverage his strong visual learning and advanced literacy by using books, visual aids, and imaginative play to help him identify, understand, and express his emotions, and to practice social interactions with gentle guidance.</p>', '2025-12-01 09:46:28', '2025-12-01 09:46:28'),
(28, 15, 'learning_plan', '{\"scores\": [{\"subject\": \"Chinese\", \"score\": 90, \"date\": \"2025-01-01\"}, {\"subject\": \"Malay\", \"score\": 60, \"date\": \"2025-01-01\"}, {\"subject\": \"English\", \"score\": 80, \"date\": \"2025-02-01\"}, {\"subject\": \"English\", \"score\": 89, \"date\": \"2025-02-01\"}, {\"subject\": \"Chinese\", \"score\": 80, \"date\": \"2025-02-01\"}, {\"subject\": \"Malay\", \"score\": 90, \"date\": \"2025-02-01\"}, {\"subject\": \"Chinese\", \"score\": 50, \"date\": \"2025-03-01\"}], \"learning_result\": \"<h5>Learning Style Summary</h5>\\n<ul>\\n<li>Visual : Strong. Your child really enjoys learning through videos and cartoons.</li>\\n<li>Auditory : Weak. Your child shows a clear preference for less verbal interaction.</li>\\n<li>Reading/Writing : Weak. Your child doesn\'t seem to engage much with written words or text yet.</li>\\n<li>Kinesthetic : Moderate. Your child often moves around or fidgets, suggesting some hands-on preference.</li>\\n</ul>\\n\\n<h5>Main Learning Style</h5>\\n<p>Your child primarily learns visually, with some moderate kinesthetic (hands-on) tendencies.</p>\\n\\n<h6>Tips for Parents</h6>\\n<ul>\\n<li>Use lots of pictures, videos, and visual aids to introduce new ideas and concepts.</li>\\n<li>Encourage hands-on activities like building, drawing, or exploring objects to support their learning.</li>\\n<li>Remember they might prefer to show you rather than tell you, so offer visual cues and demonstrations.</li>\\n</ul>\", \"preschool_result\": \"<p><strong>Child\'s Name:</strong> Chen</p>\\n<p><strong>Age for Assessment:</strong> 24 months (2 years old)</p>\\n\\n<h3>Developmental Summary:</h3>\\n\\n<h4>Areas that are age-appropriate:</h4>\\n<p>Based on the limited provided data, specific age-appropriate milestones cannot be confirmed for most developmental domains, such as Cognitive and Movement/Physical Development.</p>\\n\\n<h4>Areas that are delayed:</h4>\\n<ul>\\n    <li><strong>Social/Emotional:</strong> The observation that Chen is \\\"Always not happy (at 24 months)\\\" is a significant concern. This indicates a potential delay or atypical pattern in social-emotional development, as children at this age typically express a broader range of emotions and begin to engage in more complex social interactions.</li>\\n</ul>\\n\\n<h4>Areas that are advanced for the child\'s age:</h4>\\n<ul>\\n    <li><strong>Language/Communication:</strong> Chen\'s ability to \\\"Can read story book (at 23 months)\\\" is remarkably advanced. Reading full storybooks is typically a skill developed much later, often between 5 to 6 years of age, far exceeding the expected language milestones for a 2-year-old who would typically be pointing to pictures in books and forming simple sentences.</li>\\n</ul>\\n\\n<p>Overall, Chen exhibits significantly advanced language and literacy skills, while also showing a notable concern in his social-emotional well-being that warrants further evaluation.</p>\", \"tutoring_result\": \"<h3>1. Potential Weak Areas</h3>\\n<ul>\\n  <li><strong>Social-Emotional Development:</strong> There\'s a significant concern regarding Chen\'s consistent unhappiness and potential difficulties in expressing emotions and engaging in positive social interactions, which is crucial for a nursery-aged child.</li>\\n  <li><strong>Auditory Engagement and Expressive Communication:</strong> Chen\'s preference for less verbal interaction and a weak auditory learning style suggest he may struggle with purely verbal instructions or discussions, and might benefit from more support in expressing his thoughts and feelings verbally.</li>\\n  <li><strong>Fine Motor Skills for Writing:</strong> While Chen exhibits exceptionally advanced reading abilities, his reported disengagement with written words or text might indicate a need to develop foundational fine motor skills and pre-writing readiness to bridge this gap.</li>\\n</ul>\\n\\n<h3>2. Recommended Focus Areas</h3>\\n<ul>\\n  <li><strong>Social-Emotional Learning (SEL):</strong> Prioritizing activities that help Chen understand, identify, and express his emotions, as well as develop empathy and positive social interaction skills.</li>\\n  <li><strong>Visual and Kinesthetic Communication:</strong> Supporting Chen in communicating his needs and emotions through visual cues and hands-on activities, given his advanced visual processing and moderate kinesthetic preference.</li>\\n  <li><strong>Pre-Writing and Creative Expression:</strong> Engaging in activities that strengthen fine motor control and provide an outlet for creative expression, which can also tie into emotional processing.</li>\\n</ul>\\n\\n<h3>3. Personalized Activities</h3>\\n<ul>\\n  <li><strong>Emotion Detective Play:</strong> Use picture cards or visual charts depicting various emotions. Encourage Chen to identify emotions, mimic them, and discuss what might make someone feel that way (visual, kinesthetic, social-emotional).</li>\\n  <li><strong>Role-Playing with Puppets/Dolls:</strong> Create simple scenarios using puppets or toy figures to act out social situations, practicing greetings, sharing, and expressing feelings. This provides a safe, hands-on way to explore interactions (kinesthetic, visual, social-emotional).</li>\\n  <li><strong>Visual Story Creation:</strong> Encourage Chen to draw or create simple visual stories (using stickers, cut-outs, or digital drawing apps) about characters experiencing different feelings or social events. He can then \\\"read\\\" his own visual narrative, linking his advanced reading to creative expression (visual, kinesthetic, reading, social-emotional).</li>\\n  <li><strong>Sensory Play & Art for Expression:</strong> Engage in open-ended sensory activities like play-doh, sand play, or painting with large brushes. Encourage him to describe what he\'s creating or how the textures feel, indirectly linking sensations to emotions (kinesthetic, visual, fine motor).</li>\\n</ul>\\n\\n<h3>4. Recommended Learning Materials</h3>\\n<p>Here are specific products to support Chen\'s learning:</p>\\n\\n\\n\\n\\n\\n\\n\\n\\n\\n<p><strong>Parent Action Plan:</strong> Your primary focus should be on nurturing Chen\'s emotional well-being and helping him develop robust social-emotional skills through visual and hands-on play. Leverage his extraordinary reading ability by providing books that support emotional understanding, and gently encourage fine motor development for future writing skills.</p>\"}', '<h3>Learning Plan Summary</h3>\n<p>Dear Parents, this week\'s plan for Chen is designed to beautifully blend his amazing ability to learn visually and his love for hands-on activities. We\'ll focus on helping him explore and express his wonderful feelings, while also nurturing his communication skills in fun and engaging ways. Your active participation will truly make a difference in helping Chen blossom emotionally and creatively!</p>\n\n<h3>Weekly Action Plan</h3>\n<table class=\"table table-striped\">\n  <thead>\n    <tr><th>Day</th><th>Recommended Activities</th></tr>\n  </thead>\n  <tbody>\n    <tr>\n      <td><strong>Day 1</strong></td>\n      <td>\n        <ul>\n          <li><strong>Emotion Detective Play (15 mins):</strong> Use picture cards or visual charts showing different emotions (happy, sad, excited, angry). Point to each face and gently ask, \"How do you think this person feels?\" Encourage Chen to mimic the faces.</li>\n          <li><strong>Feeling Story Time (15-20 mins):</strong> Read a storybook that features characters experiencing various emotions. Pause to ask, \"How do you think the character feels now?\" Point to the pictures for clues.</li>\n          <li><strong>\"My Happy Place\" Drawing (15 mins):</strong> Provide paper and crayons. Ask Chen to draw something that makes him feel happy. This encourages visual expression of feelings.</li>\n        </ul>\n      </td>\n    </tr>\n    <tr>\n      <td><strong>Day 2</strong></td>\n      <td>\n        <ul>\n          <li><strong>Puppet Play for Sharing (15-20 mins):</strong> Use hand puppets or stuffed animals to act out a simple scenario about sharing toys or saying \"hello.\" Let Chen join in the play, guiding him through simple interactions.</li>\n          <li><strong>Play-Doh Emotion Faces (15 mins):</strong> Encourage Chen to use Play-Doh to create different emotion faces (e.g., a happy face, a surprised face). This is a wonderful hands-on way to explore feelings and strengthen fine motor skills.</li>\n          <li><strong>Visual Language Exploration (15 mins):</strong> Watch a short, engaging educational video in Chinese or Malay that uses lots of clear visuals and actions (e.g., about animals or colours).</li>\n        </ul>\n      </td>\n    </tr>\n    <tr>\n      <td><strong>Day 3</strong></td>\n      <td>\n        <ul>\n          <li><strong>\"How Do I Feel?\" Mirror Time (10 mins):</strong> Sit with Chen in front of a mirror. Make different emotional faces (happy, sad, silly) and encourage him to copy you. Name each emotion as you make the face.</li>\n          <li><strong>Sensory Bin Exploration (20 mins):</strong> Set up a sensory bin with rice, beans, or water and some small cups/scoops. Encourage free play, describing what you both see and feel. This is great for kinesthetic learning and can be calming.</li>\n          <li><strong>Big Shape Tracing (15 mins):</strong> Use large paper and thick crayons or markers. Draw big circles, squares, or lines and encourage Chen to trace over them. This is a gentle introduction to pre-writing skills.</li>\n        </ul>\n      </td>\n    </tr>\n    <tr>\n      <td><strong>Day 4</strong></td>\n      <td>\n        <ul>\n          <li><strong>Emotion Matching Game (15 mins):</strong> Print two sets of simple emotion cards. Play a visual memory or matching game to help Chen recognise and name different feelings.</li>\n          <li><strong>\"What Makes Me Feel...\" Collage (20 mins):</strong> Provide magazines, child-safe scissors, and glue. Help Chen cut out pictures of things that make him feel happy, excited, or calm, and glue them onto a piece of paper.</li>\n          <li><strong>Read & Point Story (15 mins):</strong> Choose an English storybook with vibrant pictures. Instead of just reading, ask Chen to point out specific objects or characters on each page, using simple language.</li>\n        </ul>\n      </td>\n    </tr>\n    <tr>\n      <td><strong>Day 5</strong></td>\n      <td>\n        <ul>\n          <li><strong>Visual Story Creation (20 mins):</strong> Use stickers, cut-outs, or simple drawings to create a short \"visual story\" together. It could be about a character having a happy day or feeling a little shy, providing an outlet for creative expression.</li>\n          <li><strong>Outdoor \"Happy Hunt\" (20 mins):</strong> Go for a walk outside. Point out things that might make people feel happy (e.g., a colourful flower, a chirping bird, a sunny sky). Encourage Chen to share what makes him happy too.</li>\n          <li><strong>Musical Movement & Emotion (15 mins):</strong> Play different types of music (fast, slow, cheerful, calm). Encourage Chen to move his body in ways that match the music, and talk about how the music makes him feel.</li>\n        </ul>\n      </td>\n    </tr>\n  </tbody>\n</table>\n\n<h3>Long-Term Strategy</h3>\n<ul>\n  <li><strong>Daily \"Feeling Check-in\":</strong> Make it a habit to ask Chen how he\'s feeling each day, using visual cues like an emotion chart if verbal expression is challenging.</li>\n  <li><strong>Continue Visual & Hands-on Learning:</strong> Always introduce new ideas through pictures, videos, and objects that Chen can touch and explore, aligning with his strong visual and kinesthetic preferences.</li>\n  <li><strong>Gentle Pre-Writing Exploration:</strong> Keep fine motor activities fun and pressure-free. Focus on drawing, scribbling, and sensory play that strengthens hand muscles, rather than formal writing.</li>\n  <li><strong>Empathetic Storytelling:</strong> Regularly read books and watch age-appropriate shows that feature characters navigating social situations and expressing a range of emotions.</li>\n  <li><strong>Nurture Expressive Communication:</strong> Encourage Chen to communicate his thoughts and feelings through his drawings, actions, and later, simple words, validating every attempt he makes.</li>\n</ul>', '2025-12-01 09:48:31', '2025-12-01 14:19:16'),
(29, 15, 'learning', '{\n  \"observations\": [\n    {\n      \"id\": 13,\n      \"child_id\": 15,\n      \"observation\": \"dont like talk\",\n      \"created_at\": \"2025-12-01 18:24:24\"\n    },\n    {\n      \"id\": 12,\n      \"child_id\": 15,\n      \"observation\": \"my kid really likes to watch youtube cartoon and video in his daily life\",\n      \"created_at\": \"2025-12-01 17:45:16\"\n    }\n  ],\n  \"answers\": [\n    {\n      \"answer_id\": 106,\n      \"test_id\": 9,\n      \"question_id\": 52,\n      \"answer\": \"3\",\n      \"created_at\": \"2025-12-01 18:24:09\",\n      \"test_name\": \"Reading/Writing Learning Questionnaire\",\n      \"question_text\": \"My child likes to look at written words, labels, or simple text. ( 1 : very disagree  -  5 : very agree)\",\n      \"question_category\": \"reading\"\n    },\n    {\n      \"answer_id\": 107,\n      \"test_id\": 9,\n      \"question_id\": 53,\n      \"answer\": \"3\",\n      \"created_at\": \"2025-12-01 18:24:09\",\n      \"test_name\": \"Reading/Writing Learning Questionnaire\",\n      \"question_text\": \"My child enjoys tracing letters or copying simple words. ( 1 : very disagree  -  5 : very agree)\",\n      \"question_category\": \"reading\"\n    },\n    {\n      \"answer_id\": 108,\n      \"test_id\": 9,\n      \"question_id\": 54,\n      \"answer\": \"1\",\n      \"created_at\": \"2025-12-01 18:24:09\",\n      \"test_name\": \"Reading/Writing Learning Questionnaire\",\n      \"question_text\": \"My child points at words or follows with a finger while reading. ( 1 : very disagree  -  5 : very agree)\",\n      \"question_category\": \"reading\"\n    },\n    {\n      \"answer_id\": 109,\n      \"test_id\": 9,\n      \"question_id\": 55,\n      \"answer\": \"2\",\n      \"created_at\": \"2025-12-01 18:24:09\",\n      \"test_name\": \"Reading/Writing Learning Questionnaire\",\n      \"question_text\": \"My child asks what words say when they see text in books or on signs. ( 1 : very disagree  -  5 : very agree)\",\n      \"question_category\": \"reading\"\n    },\n    {\n      \"answer_id\": 110,\n      \"test_id\": 9,\n      \"question_id\": 56,\n      \"answer\": \"3\",\n      \"created_at\": \"2025-12-01 18:24:09\",\n      \"test_name\": \"Reading/Writing Learning Questionnaire\",\n      \"question_text\": \"My child prefers looking at written instructions instead of only listening. ( 1 : very disagree  -  5 : very agree)\",\n      \"question_category\": \"reading\"\n    },\n    {\n      \"answer_id\": 101,\n      \"test_id\": 10,\n      \"question_id\": 62,\n      \"answer\": \"3\",\n      \"created_at\": \"2025-12-01 17:43:56\",\n      \"test_name\": \"Kinesthetic Learning Questionnaire\",\n      \"question_text\": \"My child learns better when there is hands-on activity (drawing, building, playing). ( 1 : very disagree  -  5 : very agree)\",\n      \"question_category\": \"visual\"\n    },\n    {\n      \"answer_id\": 102,\n      \"test_id\": 10,\n      \"question_id\": 63,\n      \"answer\": \"4\",\n      \"created_at\": \"2025-12-01 17:43:56\",\n      \"test_name\": \"Kinesthetic Learning Questionnaire\",\n      \"question_text\": \"My child often moves around or fidgets when learning. ( 1 : very disagree  -  5 : very agree)\",\n      \"question_category\": \"visual\"\n    },\n    {\n      \"answer_id\": 103,\n      \"test_id\": 10,\n      \"question_id\": 64,\n      \"answer\": \"3\",\n      \"created_at\": \"2025-12-01 17:43:56\",\n      \"test_name\": \"Kinesthetic Learning Questionnaire\",\n      \"question_text\": \"My child remembers things better after doing an activity. ( 1 : very disagree  -  5 : very agree)\",\n      \"question_category\": \"visual\"\n    },\n    {\n      \"answer_id\": 104,\n      \"test_id\": 10,\n      \"question_id\": 65,\n      \"answer\": \"3\",\n      \"created_at\": \"2025-12-01 17:43:56\",\n      \"test_name\": \"Kinesthetic Learning Questionnaire\",\n      \"question_text\": \"My child likes to touch and explore objects when they are curious. ( 1 : very disagree  -  5 : very agree)\",\n      \"question_category\": \"visual\"\n    },\n    {\n      \"answer_id\": 105,\n      \"test_id\": 10,\n      \"question_id\": 66,\n      \"answer\": \"3\",\n      \"created_at\": \"2025-12-01 17:43:56\",\n      \"test_name\": \"Kinesthetic Learning Questionnaire\",\n      \"question_text\": \"My child finds it hard to sit still for a long time during quiet learning. ( 1 : very disagree  -  5 : very agree)\",\n      \"question_category\": \"visual\"\n    }\n  ]\n}', '<h5>Learning Style Summary</h5>\n<ul>\n<li>Visual : Strong. Your child really enjoys learning through videos and cartoons.</li>\n<li>Auditory : Weak. Your child shows a clear preference for less verbal interaction.</li>\n<li>Reading/Writing : Weak. Your child doesn\'t seem to engage much with written words or text yet.</li>\n<li>Kinesthetic : Moderate. Your child often moves around or fidgets, suggesting some hands-on preference.</li>\n</ul>\n\n<h5>Main Learning Style</h5>\n<p>Your child primarily learns visually, with some moderate kinesthetic (hands-on) tendencies.</p>\n\n<h6>Tips for Parents</h6>\n<ul>\n<li>Use lots of pictures, videos, and visual aids to introduce new ideas and concepts.</li>\n<li>Encourage hands-on activities like building, drawing, or exploring objects to support their learning.</li>\n<li>Remember they might prefer to show you rather than tell you, so offer visual cues and demonstrations.</li>\n</ul>', '2025-12-01 10:24:39', '2025-12-01 10:24:39');

-- --------------------------------------------------------

--
-- Table structure for table `children`
--

CREATE TABLE `children` (
  `id` int(11) NOT NULL,
  `parent_id` int(11) NOT NULL,
  `name` varchar(100) NOT NULL,
  `dob` date NOT NULL,
  `age` int(11) DEFAULT NULL,
  `grade_level` varchar(50) DEFAULT NULL,
  `gender` enum('male','female','other') DEFAULT NULL,
  `notes` text DEFAULT NULL,
  `created_at` timestamp NULL DEFAULT current_timestamp()
) ENGINE=InnoDB DEFAULT CHARSET=utf8mb4 COLLATE=utf8mb4_unicode_ci;

--
-- Dumping data for table `children`
--

INSERT INTO `children` (`id`, `parent_id`, `name`, `dob`, `age`, `grade_level`, `gender`, `notes`, `created_at`) VALUES
(10, 7, 'mee', '2023-01-02', 2, 'a', 'female', '', '2025-10-09 15:20:43'),
(11, 7, 'Tong Yi Wen', '2023-10-19', 3, 'b', 'female', '', '2025-10-13 15:55:36'),
(12, 9, 'Lam Ah Li', '2020-03-01', 5, 'A', 'female', '', '2025-11-18 18:17:18'),
(13, 13, 'Chen', '2022-01-19', 3, 'b', 'male', '', '2025-11-27 15:21:50'),
(14, 13, 'Yan Yan', '2021-01-11', 4, 'K1', 'female', '', '2025-11-27 15:22:33'),
(15, 17, 'Chen', '2023-02-08', 3, 'NURSERY', 'male', '', '2025-12-01 09:38:09');

-- --------------------------------------------------------

--
-- Table structure for table `games`
--

CREATE TABLE `games` (
  `id` int(11) NOT NULL,
  `title` varchar(255) NOT NULL,
  `game_key` varchar(50) NOT NULL,
  `description` text DEFAULT NULL,
  `age_min` int(11) DEFAULT NULL,
  `age_max` int(11) DEFAULT NULL,
  `difficulty` enum('easy','medium','hard') DEFAULT 'easy',
  `is_active` tinyint(1) NOT NULL DEFAULT 1,
  `url` varchar(500) DEFAULT NULL,
  `created_at` datetime DEFAULT current_timestamp(),
  `updated_at` datetime DEFAULT current_timestamp() ON UPDATE current_timestamp()
) ENGINE=InnoDB DEFAULT CHARSET=utf8mb4 COLLATE=utf8mb4_general_ci;

--
-- Dumping data for table `games`
--

INSERT INTO `games` (`id`, `title`, `game_key`, `description`, `age_min`, `age_max`, `difficulty`, `is_active`, `url`, `created_at`, `updated_at`) VALUES
(1, 'Counting Animals', 'counting_animals', 'Simple counting game where children count animals and choose the correct number.', 4, 7, 'easy', 1, NULL, '2025-11-29 01:46:11', '2025-12-01 22:07:05'),
(2, 'Animal Vocabulary', 'vocab_animals', 'Match the animal picture with the correct English word.', 4, 7, 'easy', 1, NULL, '2025-11-29 08:49:20', '2025-11-29 08:49:20'),
(3, 'Animal Spelling', 'spelling_animals', 'Fill in the missing letter to spell the animal name.', 5, 8, 'easy', 1, NULL, '2025-11-29 09:11:25', '2025-11-29 09:11:25');

-- --------------------------------------------------------

--
-- Table structure for table `game_results`
--

CREATE TABLE `game_results` (
  `id` int(11) NOT NULL,
  `child_id` int(11) NOT NULL,
  `game_id` int(11) NOT NULL,
  `score` int(11) DEFAULT NULL,
  `total_questions` int(11) DEFAULT NULL,
  `time_spent_seconds` int(11) DEFAULT NULL,
  `played_at` datetime DEFAULT current_timestamp()
) ENGINE=InnoDB DEFAULT CHARSET=utf8mb4 COLLATE=utf8mb4_general_ci;

--
-- Dumping data for table `game_results`
--

INSERT INTO `game_results` (`id`, `child_id`, `game_id`, `score`, `total_questions`, `time_spent_seconds`, `played_at`) VALUES
(1, 12, 1, 4, 5, 40, '2025-11-29 02:08:09'),
(2, 12, 1, 5, 5, 59, '2025-11-29 08:12:05'),
(3, 12, 1, 5, 5, 59, '2025-11-29 08:22:14'),
(4, 12, 2, 4, 5, 22, '2025-11-29 08:49:52'),
(5, 12, 3, 5, 5, 19, '2025-11-29 09:12:13'),
(6, 12, 3, 5, 5, 15, '2025-11-29 09:13:13'),
(7, 12, 3, 5, 5, 16, '2025-11-29 09:28:14'),
(8, 12, 2, 5, 5, 14, '2025-11-29 09:28:33'),
(9, 12, 1, 4, 5, 20, '2025-11-29 09:28:57'),
(10, 12, 3, 3, 5, 22, '2025-11-29 12:06:09');

-- --------------------------------------------------------

--
-- Table structure for table `learning_observations`
--

CREATE TABLE `learning_observations` (
  `id` int(11) NOT NULL,
  `child_id` int(11) NOT NULL,
  `observation` text NOT NULL,
  `created_at` datetime DEFAULT current_timestamp()
) ENGINE=InnoDB DEFAULT CHARSET=utf8mb4 COLLATE=utf8mb4_unicode_ci;

--
-- Dumping data for table `learning_observations`
--

INSERT INTO `learning_observations` (`id`, `child_id`, `observation`, `created_at`) VALUES
(4, 10, 'ABC', '2025-10-09 23:25:04'),
(8, 11, 'hand on activities', '2025-10-17 14:23:48'),
(11, 12, 'my kid really likes to watch youtube cartoon and video in his daily life', '2025-11-30 23:04:58'),
(12, 15, 'my kid really likes to watch youtube cartoon and video in his daily life', '2025-12-01 17:45:16'),
(13, 15, 'dont like talk', '2025-12-01 18:24:24');

-- --------------------------------------------------------

--
-- Table structure for table `notifications`
--

CREATE TABLE `notifications` (
  `id` int(11) NOT NULL,
  `parent_id` int(11) NOT NULL,
  `title` varchar(255) NOT NULL,
  `message` text NOT NULL,
  `created_at` datetime DEFAULT current_timestamp()
) ENGINE=InnoDB DEFAULT CHARSET=utf8mb4 COLLATE=utf8mb4_general_ci;

-- --------------------------------------------------------

--
-- Table structure for table `preschool_assessments`
--

CREATE TABLE `preschool_assessments` (
  `id` int(11) NOT NULL,
  `child_id` int(11) NOT NULL,
  `domain` varchar(50) NOT NULL,
  `description` text DEFAULT NULL,
  `date` date NOT NULL
) ENGINE=InnoDB DEFAULT CHARSET=utf8mb4 COLLATE=utf8mb4_unicode_ci;

--
-- Dumping data for table `preschool_assessments`
--

INSERT INTO `preschool_assessments` (`id`, `child_id`, `domain`, `description`, `date`) VALUES
(4, 10, 'Social/Emotional Milestones', 'ASSESSMENT', '2025-10-01'),
(10, 10, 'Cognitive Milestones', 'observation', '2025-11-01'),
(11, 10, 'Cognitive Milestones', 'observation', '2025-11-01'),
(12, 10, 'Cognitive Milestones', 'observation', '2025-11-01'),
(14, 12, 'Language/Communication', 'test', '2025-11-01'),
(15, 12, 'Movement/Physical Development', 'My child do not know how to walk even she is 5 years old', '2025-11-01'),
(16, 12, 'Social/Emotional Milestones', 'Always not happy', '2025-11-01'),
(17, 13, 'Language/Communication', 'cant talk', '2023-01-01'),
(18, 15, 'Language/Communication', 'Can read story book', '2025-01-01'),
(19, 15, 'Social/Emotional Milestones', 'Always not happy', '2025-02-01');

-- --------------------------------------------------------

--
-- Table structure for table `product_recommendations`
--

CREATE TABLE `product_recommendations` (
  `id` int(11) NOT NULL,
  `child_id` int(11) NOT NULL,
  `tutoring_result_id` int(11) DEFAULT NULL,
  `product_name` varchar(255) NOT NULL,
  `product_type` enum('book','learning_tool','stationery','toy','app','subscription','workbook','flashcard','game') NOT NULL,
  `category` enum('books','art_craft','math_tools','stationery','educational_toys','digital_apps','other') DEFAULT 'other',
  `subject` enum('mathematics','english','science','social_emotional','physical_development','general') DEFAULT 'general',
  `learning_style` enum('visual','auditory','kinesthetic','reading_writing','mixed') DEFAULT 'mixed',
  `description` text DEFAULT NULL,
  `age_range` varchar(50) DEFAULT NULL,
  `price_myr` decimal(10,2) DEFAULT NULL,
  `price_range` enum('budget','mid_range','premium') DEFAULT 'budget',
  `amazon_url` varchar(500) DEFAULT NULL,
  `shopee_url` varchar(500) DEFAULT NULL,
  `lazada_url` varchar(500) DEFAULT NULL,
  `other_url` varchar(500) DEFAULT NULL,
  `priority` enum('high','medium','low') DEFAULT 'medium',
  `reason` text DEFAULT NULL,
  `created_at` timestamp NOT NULL DEFAULT current_timestamp(),
  `updated_at` timestamp NOT NULL DEFAULT current_timestamp() ON UPDATE current_timestamp()
) ENGINE=InnoDB DEFAULT CHARSET=utf8mb4 COLLATE=utf8mb4_unicode_ci;

--
-- Dumping data for table `product_recommendations`
--

INSERT INTO `product_recommendations` (`id`, `child_id`, `tutoring_result_id`, `product_name`, `product_type`, `category`, `subject`, `learning_style`, `description`, `age_range`, `price_myr`, `price_range`, `amazon_url`, `shopee_url`, `lazada_url`, `other_url`, `priority`, `reason`, `created_at`, `updated_at`) VALUES
(1, 15, NULL, 'The Feelings Book', 'book', 'books', 'social_emotional', '', '\"feelings book for toddlers\", \"todd parr emotions book\"', '2-5 years', 30.00, 'mid_range', 'https://www.amazon.com/s?k=%22feelings+book+for+toddlers%22%2C+%22todd+parr+emotions+book%22', 'https://shopee.com.my/search?keyword=%22feelings+book+for+toddlers%22%2C+%22todd+parr+emotions+book%22', 'https://www.lazada.com.my/catalog/?q=%22feelings+book+for+toddlers%22%2C+%22todd+parr+emotions+book%22', NULL, 'high', 'Uses bright visuals and simple, accessible language to help Chen identify and discuss various emotions, fostering crucial emotional literacy.', '2025-12-01 09:46:20', '2025-12-01 09:46:20'),
(2, 15, NULL, 'Melissa & Doug Mine to Love Feelings Buddy', 'toy', 'educational_toys', 'social_emotional', '', '\"emotion toy for toddlers\", \"feelings plush kids\"', '2-5 years', 60.00, 'premium', 'https://www.amazon.com/s?k=%22emotion+toy+for+toddlers%22%2C+%22feelings+plush+kids%22', 'https://shopee.com.my/search?keyword=%22emotion+toy+for+toddlers%22%2C+%22feelings+plush+kids%22', 'https://www.lazada.com.my/catalog/?q=%22emotion+toy+for+toddlers%22%2C+%22feelings+plush+kids%22', NULL, 'high', 'Allows Chen to physically interact and role-play different emotions through a tangible toy, making abstract feelings concrete and encouraging expression.', '2025-12-01 09:46:20', '2025-12-01 09:46:20'),
(3, 15, NULL, 'My Feelings Magnet Board Set', 'learning_tool', 'educational_toys', 'social_emotional', '', '\"feelings board for kids\", \"emotion flashcards preschool\"', '2-6 years', 45.00, 'mid_range', 'https://www.amazon.com/s?k=%22feelings+board+for+kids%22%2C+%22emotion+flashcards+preschool%22', 'https://shopee.com.my/search?keyword=%22feelings+board+for+kids%22%2C+%22emotion+flashcards+preschool%22', 'https://www.lazada.com.my/catalog/?q=%22feelings+board+for+kids%22%2C+%22emotion+flashcards+preschool%22', NULL, 'high', 'Provides a visual and interactive way for Chen to communicate his feelings and understand others\', building his emotional vocabulary through hands-on engagement.', '2025-12-01 09:46:20', '2025-12-01 09:46:20'),
(4, 15, NULL, 'Hoot Owl Hoot! Cooperative Game', 'game', 'educational_toys', 'social_emotional', '', '\"cooperative board game for toddlers\", \"hoot owl hoot game\"', '2-6 years', 80.00, 'premium', 'https://www.amazon.com/s?k=%22cooperative+board+game+for+toddlers%22%2C+%22hoot+owl+hoot+game%22', 'https://shopee.com.my/search?keyword=%22cooperative+board+game+for+toddlers%22%2C+%22hoot+owl+hoot+game%22', 'https://www.lazada.com.my/catalog/?q=%22cooperative+board+game+for+toddlers%22%2C+%22hoot+owl+hoot+game%22', NULL, 'medium', 'This cooperative board game teaches turn-taking, sharing, and working together in a fun, non-competitive way, directly improving social interaction skills.', '2025-12-01 09:46:20', '2025-12-01 09:46:20'),
(5, 15, NULL, 'My Big Book of Feelings (Usborne or similar visually rich book)', 'book', 'books', 'social_emotional', 'visual', '\"feelings book kids\", \"emotions book toddler\", \"social emotional learning book\"', '2-5 years', 40.00, 'mid_range', 'https://www.amazon.com/s?k=%22feelings+book+kids%22%2C+%22emotions+book+toddler%22%2C+%22social+emotional+learning+book%22', 'https://shopee.com.my/search?keyword=%22feelings+book+kids%22%2C+%22emotions+book+toddler%22%2C+%22social+emotional+learning+book%22', 'https://www.lazada.com.my/catalog/?q=%22feelings+book+kids%22%2C+%22emotions+book+toddler%22%2C+%22social+emotional+learning+book%22', NULL, 'high', 'This book provides clear, engaging visual representations of various emotions, helping Chen identify and name feelings in himself and others, which is crucial for emotional literacy.', '2025-12-01 09:46:28', '2025-12-01 09:46:28'),
(6, 15, NULL, 'Melissa & Doug Deluxe Puppet Theater and Family Hand Puppets Set', 'toy', 'educational_toys', 'social_emotional', 'kinesthetic', '\"puppets for kids\", \"puppet show for toddlers\", \"social skills toys\"', '3-6 years', 150.00, 'premium', 'https://www.amazon.com/s?k=%22puppets+for+kids%22%2C+%22puppet+show+for+toddlers%22%2C+%22social+skills+toys%22', 'https://shopee.com.my/search?keyword=%22puppets+for+kids%22%2C+%22puppet+show+for+toddlers%22%2C+%22social+skills+toys%22', 'https://www.lazada.com.my/catalog/?q=%22puppets+for+kids%22%2C+%22puppet+show+for+toddlers%22%2C+%22social+skills+toys%22', NULL, 'high', 'Puppets allow Chen to physically act out social scenarios, practice dialogue, and explore emotions in a safe, imaginative, and hands-on way, fostering social understanding and expression.', '2025-12-01 09:46:28', '2025-12-01 09:46:28'),
(7, 15, NULL, 'LEGO DUPLO My Town Family House', 'toy', 'educational_toys', 'social_emotional', '', '\"LEGO DUPLO house\", \"toddler building blocks with figures\", \"imaginative play toys\"', '2-5 years', 200.00, 'premium', 'https://www.amazon.com/s?k=%22LEGO+DUPLO+house%22%2C+%22toddler+building+blocks+with+figures%22%2C+%22imaginative+play+toys%22', 'https://shopee.com.my/search?keyword=%22LEGO+DUPLO+house%22%2C+%22toddler+building+blocks+with+figures%22%2C+%22imaginative+play+toys%22', 'https://www.lazada.com.my/catalog/?q=%22LEGO+DUPLO+house%22%2C+%22toddler+building+blocks+with+figures%22%2C+%22imaginative+play+toys%22', NULL, 'medium', 'This set encourages imaginative play and storytelling with figures, providing opportunities for Chen to act out social interactions, family dynamics, and emotional scenarios in a hands-on, creative way.', '2025-12-01 09:46:28', '2025-12-01 09:46:28'),
(8, 15, NULL, 'The Kids\' Guide to Social Emotional Learning (A series of social stories)', 'book', 'books', 'social_emotional', '', '\"social stories for toddlers\", \"SEL books for preschoolers\", \"emotional intelligence books kids\"', '3-6 years', 60.00, 'premium', 'https://www.amazon.com/s?k=%22social+stories+for+toddlers%22%2C+%22SEL+books+for+preschoolers%22%2C+%22emotional+intelligence+books+kids%22', 'https://shopee.com.my/search?keyword=%22social+stories+for+toddlers%22%2C+%22SEL+books+for+preschoolers%22%2C+%22emotional+intelligence+books+kids%22', 'https://www.lazada.com.my/catalog/?q=%22social+stories+for+toddlers%22%2C+%22SEL+books+for+preschoolers%22%2C+%22emotional+intelligence+books+kids%22', NULL, 'high', 'These books use simple narratives and visual cues to explain social situations and appropriate responses, directly addressing social-emotional needs in a format he can engage with due to his advanced reading skills.', '2025-12-01 09:46:28', '2025-12-01 09:46:28'),
(9, 15, NULL, 'Crayola Washable Jumbo Crayons & Large Drawing Pad', 'stationery', 'art_craft', 'social_emotional', '', '\"toddler art supplies\", \"washable crayons kids\", \"drawing pad for preschoolers\"', '2+ years', 35.00, 'mid_range', 'https://www.amazon.com/s?k=%22toddler+art+supplies%22%2C+%22washable+crayons+kids%22%2C+%22drawing+pad+for+preschoolers%22', 'https://shopee.com.my/search?keyword=%22toddler+art+supplies%22%2C+%22washable+crayons+kids%22%2C+%22drawing+pad+for+preschoolers%22', 'https://www.lazada.com.my/catalog/?q=%22toddler+art+supplies%22%2C+%22washable+crayons+kids%22%2C+%22drawing+pad+for+preschoolers%22', NULL, 'medium', 'Provides an essential outlet for creative expression, which is a vital tool for a child struggling with emotions. The jumbo size encourages tactile engagement for little hands.', '2025-12-01 09:46:28', '2025-12-01 09:46:28'),
(10, 15, NULL, 'The Color Monster: A Pop-Up Book of Feelings', 'book', 'books', 'social_emotional', 'visual', '\"feelings book kids\", \"emotion picture book\", \"social emotional learning book\"', '3-5 years', 40.00, 'mid_range', 'https://www.amazon.com/s?k=%22feelings+book+kids%22%2C+%22emotion+picture+book%22%2C+%22social+emotional+learning+book%22', 'https://shopee.com.my/search?keyword=%22feelings+book+kids%22%2C+%22emotion+picture+book%22%2C+%22social+emotional+learning+book%22', 'https://www.lazada.com.my/catalog/?q=%22feelings+book+kids%22%2C+%22emotion+picture+book%22%2C+%22social+emotional+learning+book%22', NULL, 'high', 'This highly visual and interactive pop-up book helps Chen identify and understand various emotions through relatable colors and engaging illustrations, directly addressing his strong visual learning style and social-emotional needs.', '2025-12-01 10:25:55', '2025-12-01 10:25:55'),
(11, 15, NULL, 'Emotion Flashcards for Toddlers & Preschoolers (e.g., from popular educational brands)', 'flashcard', 'educational_toys', 'social_emotional', '', '\"emotion flashcards for toddlers\", \"feelings cards kids\", \"SEL flashcards\"', '2-4 years', 20.00, 'budget', 'https://www.amazon.com/s?k=%22emotion+flashcards+for+toddlers%22%2C+%22feelings+cards+kids%22%2C+%22SEL+flashcards%22', 'https://shopee.com.my/search?keyword=%22emotion+flashcards+for+toddlers%22%2C+%22feelings+cards+kids%22%2C+%22SEL+flashcards%22', 'https://www.lazada.com.my/catalog/?q=%22emotion+flashcards+for+toddlers%22%2C+%22feelings+cards+kids%22%2C+%22SEL+flashcards%22', NULL, 'high', 'These cards offer a tangible, visual tool for discussing and matching emotions. Chen can physically interact with them, reinforcing his understanding of different feelings through both visual recognition and hands-on engagement.', '2025-12-01 10:25:55', '2025-12-01 10:25:55'),
(12, 15, NULL, 'Melissa & Doug Family Hand Puppets Set', 'toy', 'educational_toys', 'social_emotional', '', '\"toddler hand puppets\", \"preschool social emotional toys\", \"role play puppets\"', '3-5 years', 60.00, 'premium', 'https://www.amazon.com/s?k=%22toddler+hand+puppets%22%2C+%22preschool+social+emotional+toys%22%2C+%22role+play+puppets%22', 'https://shopee.com.my/search?keyword=%22toddler+hand+puppets%22%2C+%22preschool+social+emotional+toys%22%2C+%22role+play+puppets%22', 'https://www.lazada.com.my/catalog/?q=%22toddler+hand+puppets%22%2C+%22preschool+social+emotional+toys%22%2C+%22role+play+puppets%22', NULL, 'high', 'A puppet set is excellent for kinesthetic learners, enabling Chen to act out social scenarios and express emotions through play. It provides a non-threatening way to practice communication and interaction skills.', '2025-12-01 10:25:55', '2025-12-01 10:25:55'),
(13, 15, NULL, 'LEGO DUPLO My First Bricks', 'toy', 'educational_toys', 'general', '', '\"duplo blocks for toddlers\", \"building blocks preschool\", \"cooperative play toys\"', '1.5-5 years', 80.00, 'premium', 'https://www.amazon.com/s?k=%22duplo+blocks+for+toddlers%22%2C+%22building+blocks+preschool%22%2C+%22cooperative+play+toys%22', 'https://shopee.com.my/search?keyword=%22duplo+blocks+for+toddlers%22%2C+%22building+blocks+preschool%22%2C+%22cooperative+play+toys%22', 'https://www.lazada.com.my/catalog/?q=%22duplo+blocks+for+toddlers%22%2C+%22building+blocks+preschool%22%2C+%22cooperative+play+toys%22', NULL, 'medium', 'These large building blocks are perfect for hands-on, collaborative play. They can be used to foster sharing, turn-taking, and cooperative skills when parents engage alongside Chen, supporting his social development.', '2025-12-01 10:25:55', '2025-12-01 10:25:55'),
(14, 15, NULL, 'Sensory Bin Activity Kit for Toddlers (or DIY materials for a calm-down jar)', 'learning_tool', 'art_craft', 'social_emotional', '', '\"sensory bin kit for kids\", \"calm down jar materials\", \"emotional regulation tools\"', '3-6 years', 30.00, 'mid_range', 'https://www.amazon.com/s?k=%22sensory+bin+kit+for+kids%22%2C+%22calm+down+jar+materials%22%2C+%22emotional+regulation+tools%22', 'https://shopee.com.my/search?keyword=%22sensory+bin+kit+for+kids%22%2C+%22calm+down+jar+materials%22%2C+%22emotional+regulation+tools%22', 'https://www.lazada.com.my/catalog/?q=%22sensory+bin+kit+for+kids%22%2C+%22calm+down+jar+materials%22%2C+%22emotional+regulation+tools%22', NULL, 'medium', 'Engaging with a sensory bin or creating a calm-down jar provides a soothing, hands-on experience that can help Chen regulate his emotions and find comfort during moments of frustration or unhappiness.', '2025-12-01 10:25:55', '2025-12-01 10:25:55'),
(15, 15, NULL, 'The Little Spot of Emotion Box Set', 'learning_tool', 'educational_toys', 'social_emotional', '', '\"emotion flashcards kids\", \"feelings cards for preschoolers\", \"SEL tools for toddlers\"', '3-5 years', 40.00, 'mid_range', 'https://www.amazon.com/s?k=%22emotion+flashcards+kids%22%2C+%22feelings+cards+for+preschoolers%22%2C+%22SEL+tools+for+toddlers%22', 'https://shopee.com.my/search?keyword=%22emotion+flashcards+kids%22%2C+%22feelings+cards+for+preschoolers%22%2C+%22SEL+tools+for+toddlers%22', 'https://www.lazada.com.my/catalog/?q=%22emotion+flashcards+kids%22%2C+%22feelings+cards+for+preschoolers%22%2C+%22SEL+tools+for+toddlers%22', NULL, 'high', 'These visually engaging cards and books help Chen identify, understand, and express a wide range of emotions, directly supporting his social-emotional development.', '2025-12-01 14:16:06', '2025-12-01 14:16:06'),
(16, 15, NULL, 'Melissa & Doug Hand Puppets - Diverse Character Set', 'toy', 'educational_toys', '', '', '\"hand puppets for toddlers\", \"preschool drama toys\", \"social skills learning toys\"', '3-5 years', 80.00, 'premium', 'https://www.amazon.com/s?k=%22hand+puppets+for+toddlers%22%2C+%22preschool+drama+toys%22%2C+%22social+skills+learning+toys%22', 'https://shopee.com.my/search?keyword=%22hand+puppets+for+toddlers%22%2C+%22preschool+drama+toys%22%2C+%22social+skills+learning+toys%22', 'https://www.lazada.com.my/catalog/?q=%22hand+puppets+for+toddlers%22%2C+%22preschool+drama+toys%22%2C+%22social+skills+learning+toys%22', NULL, 'high', 'Puppets encourage imaginative play, role-playing social scenarios, and practicing communication, directly addressing his social-emotional needs and communication style.', '2025-12-01 14:16:06', '2025-12-01 14:16:06'),
(17, 15, NULL, 'Crayola Jumbo Crayons & Large Drawing Pad', 'stationery', 'art_craft', '', '', '\"jumbo crayons for toddlers\", \"large paper kids art\", \"preschool art supplies\"', '2-4 years', 30.00, 'mid_range', 'https://www.amazon.com/s?k=%22jumbo+crayons+for+toddlers%22%2C+%22large+paper+kids+art%22%2C+%22preschool+art+supplies%22', 'https://shopee.com.my/search?keyword=%22jumbo+crayons+for+toddlers%22%2C+%22large+paper+kids+art%22%2C+%22preschool+art+supplies%22', 'https://www.lazada.com.my/catalog/?q=%22jumbo+crayons+for+toddlers%22%2C+%22large+paper+kids+art%22%2C+%22preschool+art+supplies%22', NULL, 'medium', 'This set promotes fine motor skill development essential for pre-writing and offers a visual and kinesthetic outlet for creative and emotional expression.', '2025-12-01 14:16:06', '2025-12-01 14:16:06'),
(18, 15, NULL, 'A Little Spot of Social Emotional Learning Box Set', 'book', 'books', 'social_emotional', '', '\"social emotional learning books preschoolers\", \"feelings picture books kids\", \"SEL story books\"', '3-6 years', 60.00, 'premium', 'https://www.amazon.com/s?k=%22social+emotional+learning+books+preschoolers%22%2C+%22feelings+picture+books+kids%22%2C+%22SEL+story+books%22', 'https://shopee.com.my/search?keyword=%22social+emotional+learning+books+preschoolers%22%2C+%22feelings+picture+books+kids%22%2C+%22SEL+story+books%22', 'https://www.lazada.com.my/catalog/?q=%22social+emotional+learning+books+preschoolers%22%2C+%22feelings+picture+books+kids%22%2C+%22SEL+story+books%22', NULL, 'high', 'These visually rich books combine simple stories with direct lessons on social skills and emotional regulation, leveraging his advanced reading and visual preference.', '2025-12-01 14:16:06', '2025-12-01 14:16:06');

-- --------------------------------------------------------

--
-- Table structure for table `resources`
--

CREATE TABLE `resources` (
  `id` int(11) NOT NULL,
  `title` varchar(255) NOT NULL,
  `type` enum('video','app','book','game','article') NOT NULL,
  `description` text DEFAULT NULL,
  `age_min` int(11) DEFAULT NULL,
  `age_max` int(11) DEFAULT NULL,
  `url` varchar(500) DEFAULT NULL,
  `created_at` datetime DEFAULT current_timestamp(),
  `updated_at` datetime DEFAULT current_timestamp() ON UPDATE current_timestamp()
) ENGINE=InnoDB DEFAULT CHARSET=utf8mb4 COLLATE=utf8mb4_general_ci;

--
-- Dumping data for table `resources`
--

INSERT INTO `resources` (`id`, `title`, `type`, `description`, `age_min`, `age_max`, `url`, `created_at`, `updated_at`) VALUES
(1, 'Sesame Street: Count to 20 Song', 'video', 'Fun Sesame Street song that helps children count from 1 to 20 with characters they recognize.', 4, 6, 'https://www.youtube.com/watch?v=tevF4UYGnu8', '2025-11-29 00:46:10', '2025-11-29 00:46:10'),
(3, 'Shapes Song  Super Simple Songs', 'video', 'A gentle, catchy song teaching preschoolers circle, square, triangle, and rectangle with visuals.', 3, 6, 'https://www.youtube.com/watch?v=pfRuLS-Vnjs', '2025-11-29 00:55:12', '2025-11-29 00:55:12'),
(4, 'Days of the Week Song  Singing Walrus', 'video', 'Fun animated song teaching days of the week using repetition and rhythm for memory retention.', 4, 7, 'https://www.youtube.com/watch?v=3tx0rvuXIRg', '2025-11-29 00:56:08', '2025-11-29 00:56:08'),
(5, 'What is Math?  Khan Academy Kids', 'video', 'Introductory video explaining what math means in everyday life using objects and examples.', 4, 7, 'https://www.youtube.com/watch?v=yJ6HzFyXq9Y', '2025-11-29 00:57:01', '2025-11-29 00:57:01'),
(6, 'Where Do Letters Come From?  TedEd Kids', 'video', 'Short educational animation about alphabets & writing origins, suitable for curious kids.', 5, 8, 'https://www.youtube.com/watch?v=c8y32zAQ3v4', '2025-11-29 00:58:17', '2025-11-29 00:58:17'),
(7, 'Oxford Owl Free eBooks', 'book', 'Free e-book library from Oxford University Press with leveled books for preschool children.', 4, 8, 'https://home.oxfordowl.co.uk/reading/free-ebooks/', '2025-11-29 01:02:34', '2025-11-29 01:02:34'),
(8, 'Storyberries  Free Bedtime Stories', 'book', 'Hundreds of illustrated childrens stories available to read online for free.', 3, 8, 'https://www.storyberries.com/', '2025-11-29 01:04:57', '2025-11-29 01:04:57'),
(9, 'Highlights Kids  Read & Explore', 'book', 'Short stories & literacy resources from the famous Highlights childrens magazine.', 4, 8, 'https://www.highlightskids.com/read', '2025-11-29 01:06:03', '2025-11-29 01:06:03'),
(10, 'Kids World Fun  Moral Stories', 'book', 'Large library of simple moral stories promoting social and emotional learning.', 4, 8, 'https://www.kidsworldfun.com/shortstories.php', '2025-11-29 01:08:55', '2025-11-29 01:08:55');

-- --------------------------------------------------------

--
-- Table structure for table `tests`
--

CREATE TABLE `tests` (
  `id` int(11) NOT NULL,
  `user_id` int(11) NOT NULL,
  `name` varchar(255) NOT NULL
) ENGINE=InnoDB DEFAULT CHARSET=utf8mb4 COLLATE=utf8mb4_unicode_ci;

--
-- Dumping data for table `tests`
--

INSERT INTO `tests` (`id`, `user_id`, `name`) VALUES
(7, 11, 'Visual Learning Questionnaire'),
(8, 11, 'Auditory Learning Questionnaire'),
(9, 11, 'Reading/Writing Learning Questionnaire'),
(10, 11, 'Kinesthetic Learning Questionnaire');

-- --------------------------------------------------------

--
-- Table structure for table `test_answers`
--

CREATE TABLE `test_answers` (
  `id` int(11) NOT NULL,
  `child_id` int(11) NOT NULL,
  `test_id` int(11) NOT NULL,
  `question_id` int(11) NOT NULL,
  `answer` text DEFAULT NULL,
  `created_at` datetime DEFAULT current_timestamp()
) ENGINE=InnoDB DEFAULT CHARSET=utf8mb4 COLLATE=utf8mb4_unicode_ci;

--
-- Dumping data for table `test_answers`
--

INSERT INTO `test_answers` (`id`, `child_id`, `test_id`, `question_id`, `answer`, `created_at`) VALUES
(81, 12, 10, 62, '3', '2025-11-30 22:54:50'),
(82, 12, 10, 63, '3', '2025-11-30 22:54:50'),
(83, 12, 10, 64, '3', '2025-11-30 22:54:50'),
(84, 12, 10, 65, '3', '2025-11-30 22:54:50'),
(85, 12, 10, 66, '3', '2025-11-30 22:54:50'),
(86, 12, 9, 52, '4', '2025-11-30 22:54:58'),
(87, 12, 9, 53, '4', '2025-11-30 22:54:58'),
(88, 12, 9, 54, '4', '2025-11-30 22:54:58'),
(89, 12, 9, 55, '4', '2025-11-30 22:54:58'),
(90, 12, 9, 56, '4', '2025-11-30 22:54:58'),
(91, 12, 8, 37, '3', '2025-11-30 22:55:07'),
(92, 12, 8, 38, '4', '2025-11-30 22:55:07'),
(93, 12, 8, 39, '3', '2025-11-30 22:55:07'),
(94, 12, 8, 40, '5', '2025-11-30 22:55:07'),
(95, 12, 8, 41, '4', '2025-11-30 22:55:07'),
(96, 12, 7, 42, '5', '2025-11-30 22:55:14'),
(97, 12, 7, 43, '5', '2025-11-30 22:55:14'),
(98, 12, 7, 44, '5', '2025-11-30 22:55:14'),
(99, 12, 7, 45, '5', '2025-11-30 22:55:14'),
(100, 12, 7, 46, '5', '2025-11-30 22:55:14'),
(101, 15, 10, 62, '3', '2025-12-01 17:43:56'),
(102, 15, 10, 63, '4', '2025-12-01 17:43:56'),
(103, 15, 10, 64, '3', '2025-12-01 17:43:56'),
(104, 15, 10, 65, '3', '2025-12-01 17:43:56'),
(105, 15, 10, 66, '3', '2025-12-01 17:43:56'),
(106, 15, 9, 52, '3', '2025-12-01 18:24:09'),
(107, 15, 9, 53, '3', '2025-12-01 18:24:09'),
(108, 15, 9, 54, '1', '2025-12-01 18:24:09'),
(109, 15, 9, 55, '2', '2025-12-01 18:24:09'),
(110, 15, 9, 56, '3', '2025-12-01 18:24:09');

-- --------------------------------------------------------

--
-- Table structure for table `test_questions`
--

CREATE TABLE `test_questions` (
  `id` int(11) NOT NULL,
  `test_id` int(11) NOT NULL,
  `question` text NOT NULL,
  `answer_type` enum('text','scale') DEFAULT 'text',
  `category` varchar(50) NOT NULL DEFAULT 'general',
  `media_type` varchar(20) DEFAULT NULL,
  `media_path` varchar(255) DEFAULT NULL
) ENGINE=InnoDB DEFAULT CHARSET=utf8mb4 COLLATE=utf8mb4_unicode_ci;

--
-- Dumping data for table `test_questions`
--

INSERT INTO `test_questions` (`id`, `test_id`, `question`, `answer_type`, `category`, `media_type`, `media_path`) VALUES
(37, 8, 'My child enjoys listening to stories, songs, or rhymes. ( 1 : very disagree  -  5 : very agree)', 'scale', 'auditory', NULL, NULL),
(38, 8, 'My child often repeats words or talks to themselves while learning. ( 1 : very disagree  -  5 : very agree)', 'scale', 'auditory', NULL, NULL),
(39, 8, 'My child remembers instructions better when they are spoken instead of written. ( 1 : very disagree  -  5 : very agree)', 'scale', 'auditory', NULL, NULL),
(40, 8, 'My child likes to ask questions and discuss topics out loud. ( 1 : very disagree  -  5 : very agree)', 'scale', 'auditory', NULL, NULL),
(41, 8, 'My child enjoys sound-based games (songs, rhyming, clapping patterns). ( 1 : very disagree  -  5 : very agree)', 'scale', 'auditory', NULL, NULL),
(42, 7, 'My child likes to look at pictures, books, or charts when learning something new. ( 1 : very disagree  -  5 : very agree)', 'scale', 'visual', NULL, NULL),
(43, 7, 'My child remembers things better when seeing them rather than hearing them. ( 1 : very disagree  -  5 : very agree)', 'scale', 'visual', NULL, NULL),
(44, 7, 'My child is attracted to bright colours, drawings, and visual materials. ( 1 : very disagree  -  5 : very agree)', 'scale', 'visual', NULL, NULL),
(45, 7, 'My child often points to pictures or images when explaining something. ( 1 : very disagree  -  5 : very agree)', 'scale', 'visual', NULL, NULL),
(46, 7, 'If given a choice, my child prefers watching videos instead of only listening. ( 1 : very disagree  -  5 : very agree)', 'scale', 'visual', NULL, NULL),
(52, 9, 'My child likes to look at written words, labels, or simple text. ( 1 : very disagree  -  5 : very agree)', 'scale', 'reading', NULL, NULL),
(53, 9, 'My child enjoys tracing letters or copying simple words. ( 1 : very disagree  -  5 : very agree)', 'scale', 'reading', NULL, NULL),
(54, 9, 'My child points at words or follows with a finger while reading. ( 1 : very disagree  -  5 : very agree)', 'scale', 'reading', NULL, NULL),
(55, 9, 'My child asks what words say when they see text in books or on signs. ( 1 : very disagree  -  5 : very agree)', 'scale', 'reading', NULL, NULL),
(56, 9, 'My child prefers looking at written instructions instead of only listening. ( 1 : very disagree  -  5 : very agree)', 'scale', 'reading', NULL, NULL),
(62, 10, 'My child learns better when there is hands-on activity (drawing, building, playing). ( 1 : very disagree  -  5 : very agree)', 'scale', 'visual', NULL, NULL),
(63, 10, 'My child often moves around or fidgets when learning. ( 1 : very disagree  -  5 : very agree)', 'scale', 'visual', NULL, NULL),
(64, 10, 'My child remembers things better after doing an activity. ( 1 : very disagree  -  5 : very agree)', 'scale', 'visual', NULL, NULL),
(65, 10, 'My child likes to touch and explore objects when they are curious. ( 1 : very disagree  -  5 : very agree)', 'scale', 'visual', NULL, NULL),
(66, 10, 'My child finds it hard to sit still for a long time during quiet learning. ( 1 : very disagree  -  5 : very agree)', 'scale', 'visual', NULL, NULL);

-- --------------------------------------------------------

--
-- Table structure for table `users`
--

CREATE TABLE `users` (
  `id` int(11) NOT NULL,
  `name` varchar(100) NOT NULL,
  `email` varchar(100) NOT NULL,
  `password` varchar(255) NOT NULL,
  `role` enum('parent','admin') NOT NULL,
  `created_at` timestamp NULL DEFAULT current_timestamp(),
  `last_login` timestamp NULL DEFAULT NULL,
  `is_active` tinyint(1) DEFAULT 1,
  `protected_from_deletion` tinyint(1) DEFAULT 0,
  `inactive_warning_sent` timestamp NULL DEFAULT NULL,
  `deleted_at` timestamp NULL DEFAULT NULL,
  `deletion_reason` varchar(255) DEFAULT NULL
) ENGINE=InnoDB DEFAULT CHARSET=utf8mb4 COLLATE=utf8mb4_unicode_ci;

--
-- Dumping data for table `users`
--

INSERT INTO `users` (`id`, `name`, `email`, `password`, `role`, `created_at`, `last_login`, `is_active`, `protected_from_deletion`, `inactive_warning_sent`, `deleted_at`, `deletion_reason`) VALUES
(7, 'TongYi Wen', 'tongyw-wm22@student.tarc.edu.my', '$2b$12$2bBrg98cIZ4TMCVwufm2Y.tuIv/Yt9tlrWAz46gudmkeZlDfJMVKG', 'parent', '2025-09-22 15:30:50', '2025-11-01 12:08:05', 0, 0, '2025-12-01 12:11:29', '2025-12-01 12:11:29', 'Inactive for 30+ days'),
(9, 'Lam Ah Kao', 'shaucharn@gmail.com', '$2b$12$Pp957FMqRboKXb.3lGkMLOEhaqglyF8qOiAK8dRmajnnx0DDMBko6', 'parent', '2025-11-18 18:15:07', '2025-12-01 06:55:55', 1, 1, NULL, NULL, NULL),
(11, 'admin1', 'admin1@gmail.com', '$2b$12$XB07SM0yICNC8QF/51yPCOMdbV04saOYb2Z7zOQvviw8UXt8CcqLS', 'admin', '2025-11-23 16:04:06', '2025-11-30 10:22:56', 1, 0, NULL, NULL, NULL),
(12, 'ASD', 'adminsc@gmail.com', '$2b$12$JidUcjuu7cmZ5qM7FkpHM.HmpirHYX5TmSjDR9MwJnlm.oo2.lvR.', 'admin', '2025-11-25 07:55:09', NULL, 1, 0, NULL, NULL, NULL),
(13, 'Yi wen', 'tongyiwen2013@gmail.com', '$2b$12$m1TDRB0P3dUs5QolGynt4OuklAda0LCq8vjGUkPnGa.bwGocew18S', 'parent', '2025-10-30 15:21:02', '2025-10-31 17:32:43', 1, 1, NULL, NULL, NULL),
(15, 'yiwenadmin', 'yiwennntong@gmail.com', '$2b$12$KTeWAx2.7O/vmJYOIHJPIecMQNHZkTqKJYgAR5IMUPtm2g176O8ja', 'admin', '2025-11-27 15:27:08', '2025-12-01 14:06:42', 1, 0, NULL, NULL, NULL),
(16, 'Dasabi', 'tongyiwen2003@gmail.com', '$2b$12$B6IxC.UY.0vMIFReNduTROi65I9dAx5GkZz5ZMqHMASktR8mSgbRq', 'parent', '2025-11-27 18:00:39', '2025-11-04 18:00:39', 1, 0, '2025-12-01 09:59:53', NULL, NULL),
(17, 'Chen chen', 'jyyw2023@gmail.com', '$2b$12$dJM96xJCkitF/6jiGblf9u4xL80ysKoWKkI7Vok1kF3Zw7xLDFHn.', 'parent', '2025-12-01 09:18:26', '2025-12-01 14:04:53', 1, 0, NULL, NULL, NULL);

--
-- Indexes for dumped tables
--

--
-- Indexes for table `academic_scores`
--
ALTER TABLE `academic_scores`
  ADD PRIMARY KEY (`id`),
  ADD KEY `child_id` (`child_id`);

--
-- Indexes for table `ai_results`
--
ALTER TABLE `ai_results`
  ADD PRIMARY KEY (`id`),
  ADD KEY `child_id` (`child_id`);

--
-- Indexes for table `children`
--
ALTER TABLE `children`
  ADD PRIMARY KEY (`id`),
  ADD KEY `parent_id` (`parent_id`);

--
-- Indexes for table `games`
--
ALTER TABLE `games`
  ADD PRIMARY KEY (`id`);

--
-- Indexes for table `game_results`
--
ALTER TABLE `game_results`
  ADD PRIMARY KEY (`id`);

--
-- Indexes for table `learning_observations`
--
ALTER TABLE `learning_observations`
  ADD PRIMARY KEY (`id`),
  ADD KEY `child_id` (`child_id`);

--
-- Indexes for table `notifications`
--
ALTER TABLE `notifications`
  ADD PRIMARY KEY (`id`),
  ADD KEY `parent_id` (`parent_id`);

--
-- Indexes for table `preschool_assessments`
--
ALTER TABLE `preschool_assessments`
  ADD PRIMARY KEY (`id`),
  ADD KEY `child_id` (`child_id`);

--
-- Indexes for table `product_recommendations`
--
ALTER TABLE `product_recommendations`
  ADD PRIMARY KEY (`id`),
  ADD KEY `child_id` (`child_id`),
  ADD KEY `tutoring_result_id` (`tutoring_result_id`),
  ADD KEY `idx_product_type_priority` (`product_type`,`priority`),
  ADD KEY `idx_child_created` (`child_id`,`created_at`),
  ADD KEY `idx_category` (`category`),
  ADD KEY `idx_subject` (`subject`),
  ADD KEY `idx_learning_style` (`learning_style`),
  ADD KEY `idx_price_range` (`price_range`);

--
-- Indexes for table `resources`
--
ALTER TABLE `resources`
  ADD PRIMARY KEY (`id`);

--
-- Indexes for table `tests`
--
ALTER TABLE `tests`
  ADD PRIMARY KEY (`id`),
  ADD KEY `user_id` (`user_id`);

--
-- Indexes for table `test_answers`
--
ALTER TABLE `test_answers`
  ADD PRIMARY KEY (`id`),
  ADD KEY `child_id` (`child_id`),
  ADD KEY `test_id` (`test_id`),
  ADD KEY `question_id` (`question_id`);

--
-- Indexes for table `test_questions`
--
ALTER TABLE `test_questions`
  ADD PRIMARY KEY (`id`),
  ADD KEY `test_id` (`test_id`);

--
-- Indexes for table `users`
--
ALTER TABLE `users`
  ADD PRIMARY KEY (`id`),
  ADD UNIQUE KEY `email` (`email`);

--
-- AUTO_INCREMENT for dumped tables
--

--
-- AUTO_INCREMENT for table `academic_scores`
--
ALTER TABLE `academic_scores`
  MODIFY `id` int(11) NOT NULL AUTO_INCREMENT, AUTO_INCREMENT=36;

--
-- AUTO_INCREMENT for table `ai_results`
--
ALTER TABLE `ai_results`
  MODIFY `id` int(11) NOT NULL AUTO_INCREMENT, AUTO_INCREMENT=30;

--
-- AUTO_INCREMENT for table `children`
--
ALTER TABLE `children`
  MODIFY `id` int(11) NOT NULL AUTO_INCREMENT, AUTO_INCREMENT=16;

--
-- AUTO_INCREMENT for table `games`
--
ALTER TABLE `games`
  MODIFY `id` int(11) NOT NULL AUTO_INCREMENT, AUTO_INCREMENT=4;

--
-- AUTO_INCREMENT for table `game_results`
--
ALTER TABLE `game_results`
  MODIFY `id` int(11) NOT NULL AUTO_INCREMENT, AUTO_INCREMENT=11;

--
-- AUTO_INCREMENT for table `learning_observations`
--
ALTER TABLE `learning_observations`
  MODIFY `id` int(11) NOT NULL AUTO_INCREMENT, AUTO_INCREMENT=14;

--
-- AUTO_INCREMENT for table `notifications`
--
ALTER TABLE `notifications`
  MODIFY `id` int(11) NOT NULL AUTO_INCREMENT;

--
-- AUTO_INCREMENT for table `preschool_assessments`
--
ALTER TABLE `preschool_assessments`
  MODIFY `id` int(11) NOT NULL AUTO_INCREMENT, AUTO_INCREMENT=20;

--
-- AUTO_INCREMENT for table `product_recommendations`
--
ALTER TABLE `product_recommendations`
  MODIFY `id` int(11) NOT NULL AUTO_INCREMENT, AUTO_INCREMENT=19;

--
-- AUTO_INCREMENT for table `resources`
--
ALTER TABLE `resources`
  MODIFY `id` int(11) NOT NULL AUTO_INCREMENT, AUTO_INCREMENT=11;

--
-- AUTO_INCREMENT for table `tests`
--
ALTER TABLE `tests`
  MODIFY `id` int(11) NOT NULL AUTO_INCREMENT, AUTO_INCREMENT=11;

--
-- AUTO_INCREMENT for table `test_answers`
--
ALTER TABLE `test_answers`
  MODIFY `id` int(11) NOT NULL AUTO_INCREMENT, AUTO_INCREMENT=111;

--
-- AUTO_INCREMENT for table `test_questions`
--
ALTER TABLE `test_questions`
  MODIFY `id` int(11) NOT NULL AUTO_INCREMENT, AUTO_INCREMENT=67;

--
-- AUTO_INCREMENT for table `users`
--
ALTER TABLE `users`
  MODIFY `id` int(11) NOT NULL AUTO_INCREMENT, AUTO_INCREMENT=18;

--
-- Constraints for dumped tables
--

--
-- Constraints for table `academic_scores`
--
ALTER TABLE `academic_scores`
  ADD CONSTRAINT `academic_scores_ibfk_1` FOREIGN KEY (`child_id`) REFERENCES `children` (`id`) ON DELETE CASCADE;

--
-- Constraints for table `ai_results`
--
ALTER TABLE `ai_results`
  ADD CONSTRAINT `ai_results_ibfk_1` FOREIGN KEY (`child_id`) REFERENCES `children` (`id`) ON DELETE CASCADE;

--
-- Constraints for table `children`
--
ALTER TABLE `children`
  ADD CONSTRAINT `children_ibfk_1` FOREIGN KEY (`parent_id`) REFERENCES `users` (`id`) ON DELETE CASCADE;

--
-- Constraints for table `learning_observations`
--
ALTER TABLE `learning_observations`
  ADD CONSTRAINT `learning_observations_ibfk_1` FOREIGN KEY (`child_id`) REFERENCES `children` (`id`) ON DELETE CASCADE;

--
-- Constraints for table `notifications`
--
ALTER TABLE `notifications`
  ADD CONSTRAINT `notifications_ibfk_1` FOREIGN KEY (`parent_id`) REFERENCES `users` (`id`) ON DELETE CASCADE;

--
-- Constraints for table `preschool_assessments`
--
ALTER TABLE `preschool_assessments`
  ADD CONSTRAINT `preschool_assessments_ibfk_1` FOREIGN KEY (`child_id`) REFERENCES `children` (`id`) ON DELETE CASCADE;

--
-- Constraints for table `product_recommendations`
--
ALTER TABLE `product_recommendations`
  ADD CONSTRAINT `product_recommendations_ibfk_1` FOREIGN KEY (`child_id`) REFERENCES `children` (`id`) ON DELETE CASCADE,
  ADD CONSTRAINT `product_recommendations_ibfk_2` FOREIGN KEY (`tutoring_result_id`) REFERENCES `ai_results` (`id`) ON DELETE SET NULL;

--
-- Constraints for table `tests`
--
ALTER TABLE `tests`
  ADD CONSTRAINT `tests_ibfk_1` FOREIGN KEY (`user_id`) REFERENCES `users` (`id`) ON DELETE CASCADE;

--
-- Constraints for table `test_answers`
--
ALTER TABLE `test_answers`
  ADD CONSTRAINT `test_answers_ibfk_1` FOREIGN KEY (`child_id`) REFERENCES `children` (`id`) ON DELETE CASCADE,
  ADD CONSTRAINT `test_answers_ibfk_2` FOREIGN KEY (`test_id`) REFERENCES `tests` (`id`) ON DELETE CASCADE,
  ADD CONSTRAINT `test_answers_ibfk_3` FOREIGN KEY (`question_id`) REFERENCES `test_questions` (`id`) ON DELETE CASCADE;

--
-- Constraints for table `test_questions`
--
ALTER TABLE `test_questions`
  ADD CONSTRAINT `test_questions_ibfk_1` FOREIGN KEY (`test_id`) REFERENCES `tests` (`id`) ON DELETE CASCADE;
COMMIT;

/*!40101 SET CHARACTER_SET_CLIENT=@OLD_CHARACTER_SET_CLIENT */;
/*!40101 SET CHARACTER_SET_RESULTS=@OLD_CHARACTER_SET_RESULTS */;
/*!40101 SET COLLATION_CONNECTION=@OLD_COLLATION_CONNECTION */;
